,Location,t,method,order,qD,qD.LCL,qD.UCL,SC,SC.LCL,SC.UCL,Level,Station
1,1,1,interpolated,0,51.667,48.901,54.432,0.794,0.756,0.831,Location,S1
2,1,2,interpolated,0,62.333,58.917,65.75,0.91,0.878,0.941,Location,S1
3,1,3,observed,0,67,62.95,71.05,0.96,0.934,0.987,Location,S1
4,1,4,extrapolated,0,69.042,64.275,73.808,0.983,0.962,1,Location,S1
5,1,5,extrapolated,0,69.935,64.521,75.349,0.992,0.978,1,Location,S1
6,1,6,extrapolated,0,70.326,64.413,76.238,0.997,0.987,1,Location,S1
7,1,7,extrapolated,0,70.497,64.232,76.761,0.999,0.992,1,Location,S1
8,1,8,extrapolated,0,70.571,64.068,77.075,0.999,0.995,1,Location,S1
9,1,9,extrapolated,0,70.604,63.944,77.265,1,0.997,1,Location,S1
10,1,10,extrapolated,0,70.618,63.856,77.381,1,0.998,1,Location,S1
11,1,11,extrapolated,0,70.625,63.797,77.453,1,0.999,1,Location,S1
12,1,12,extrapolated,0,70.627,63.757,77.498,1,0.999,1,Location,S1
13,1,13,extrapolated,0,70.629,63.732,77.526,1,0.999,1,Location,S1
14,1,14,extrapolated,0,70.629,63.715,77.543,1,1,1,Location,S1
15,1,15,extrapolated,0,70.629,63.705,77.554,1,1,1,Location,S1
16,1,16,extrapolated,0,70.63,63.698,77.561,1,1,1,Location,S1
17,1,17,extrapolated,0,70.63,63.693,77.566,1,1,1,Location,S1
18,1,18,extrapolated,0,70.63,63.691,77.569,1,1,1,Location,S1
19,1,19,extrapolated,0,70.63,63.689,77.57,1,1,1,Location,S1
20,1,20,extrapolated,0,70.63,63.688,77.571,1,1,1,Location,S1
21,1,21,extrapolated,0,70.63,63.687,77.572,1,1,1,Location,S1
22,1,22,extrapolated,0,70.63,63.687,77.573,1,1,1,Location,S1
23,1,23,extrapolated,0,70.63,63.686,77.573,1,1,1,Location,S1
24,1,24,extrapolated,0,70.63,63.686,77.573,1,1,1,Location,S1
25,1,25,extrapolated,0,70.63,63.686,77.573,1,1,1,Location,S1
26,1,26,extrapolated,0,70.63,63.686,77.573,1,1,1,Location,S1
27,1,27,extrapolated,0,70.63,63.686,77.573,1,1,1,Location,S1
28,1,28,extrapolated,0,70.63,63.686,77.573,1,1,1,Location,S1
29,1,29,extrapolated,0,70.63,63.686,77.573,1,1,1,Location,S1
30,1,30,extrapolated,0,70.63,63.686,77.573,1,1,1,Location,S1
31,1,31,extrapolated,0,70.63,63.686,77.573,1,1,1,Location,S1
32,1,32,extrapolated,0,70.63,63.686,77.573,1,1,1,Location,S1
33,1,33,extrapolated,0,70.63,63.686,77.573,1,1,1,Location,S1
34,1,34,extrapolated,0,70.63,63.686,77.574,1,1,1,Location,S1
35,1,35,extrapolated,0,70.63,63.686,77.574,1,1,1,Location,S1
36,1,36,extrapolated,0,70.63,63.686,77.574,1,1,1,Location,S1
37,1,37,extrapolated,0,70.63,63.686,77.574,1,1,1,Location,S1
38,1,38,extrapolated,0,70.63,63.686,77.574,1,1,1,Location,S1
39,1,39,extrapolated,0,70.63,63.686,77.574,1,1,1,Location,S1
40,1,40,extrapolated,0,70.63,63.686,77.574,1,1,1,Location,S1
41,1,41,extrapolated,0,70.63,63.686,77.574,1,1,1,Location,S1
42,1,42,extrapolated,0,70.63,63.686,77.574,1,1,1,Location,S1
43,1,43,extrapolated,0,70.63,63.686,77.574,1,1,1,Location,S1
44,1,44,extrapolated,0,70.63,63.686,77.574,1,1,1,Location,S1
45,1,45,extrapolated,0,70.63,63.686,77.574,1,1,1,Location,S1
46,1,46,extrapolated,0,70.63,63.686,77.574,1,1,1,Location,S1
47,1,47,extrapolated,0,70.63,63.686,77.574,1,1,1,Location,S1
48,1,48,extrapolated,0,70.63,63.686,77.574,1,1,1,Location,S1
49,1,49,extrapolated,0,70.63,63.686,77.574,1,1,1,Location,S1
50,1,50,extrapolated,0,70.63,63.686,77.574,1,1,1,Location,S1
51,2,1,interpolated,0,53.333,50.198,56.469,0.825,0.795,0.855,Location,S1
52,2,2,interpolated,0,62.667,58.957,66.376,0.919,0.889,0.948,Location,S1
53,2,3,observed,0,67,62.814,71.186,0.962,0.934,0.99,Location,S1
54,2,4,extrapolated,0,69.012,64.146,73.878,0.982,0.96,1,Location,S1
55,2,5,extrapolated,0,69.946,64.355,75.537,0.992,0.974,1,Location,S1
56,2,6,extrapolated,0,70.38,64.152,76.608,0.996,0.983,1,Location,S1
57,2,7,extrapolated,0,70.581,63.841,77.321,0.998,0.988,1,Location,S1
58,2,8,extrapolated,0,70.675,63.539,77.81,0.999,0.992,1,Location,S1
59,2,9,extrapolated,0,70.718,63.283,78.153,1,0.994,1,Location,S1
60,2,10,extrapolated,0,70.738,63.078,78.398,1,0.996,1,Location,S1
61,2,11,extrapolated,0,70.747,62.918,78.577,1,0.997,1,Location,S1
62,2,12,extrapolated,0,70.752,62.796,78.708,1,0.997,1,Location,S1
63,2,13,extrapolated,0,70.754,62.703,78.805,1,0.998,1,Location,S1
64,2,14,extrapolated,0,70.755,62.632,78.877,1,0.999,1,Location,S1
65,2,15,extrapolated,0,70.755,62.579,78.931,1,0.999,1,Location,S1
66,2,16,extrapolated,0,70.755,62.538,78.972,1,0.999,1,Location,S1
67,2,17,extrapolated,0,70.755,62.508,79.003,1,0.999,1,Location,S1
68,2,18,extrapolated,0,70.756,62.484,79.027,1,1,1,Location,S1
69,2,19,extrapolated,0,70.756,62.467,79.044,1,1,1,Location,S1
70,2,20,extrapolated,0,70.756,62.453,79.058,1,1,1,Location,S1
71,2,21,extrapolated,0,70.756,62.443,79.068,1,1,1,Location,S1
72,2,22,extrapolated,0,70.756,62.435,79.076,1,1,1,Location,S1
73,2,23,extrapolated,0,70.756,62.429,79.082,1,1,1,Location,S1
74,2,24,extrapolated,0,70.756,62.425,79.086,1,1,1,Location,S1
75,2,25,extrapolated,0,70.756,62.421,79.09,1,1,1,Location,S1
76,2,26,extrapolated,0,70.756,62.418,79.093,1,1,1,Location,S1
77,2,27,extrapolated,0,70.756,62.416,79.095,1,1,1,Location,S1
78,2,28,extrapolated,0,70.756,62.415,79.096,1,1,1,Location,S1
79,2,29,extrapolated,0,70.756,62.414,79.098,1,1,1,Location,S1
80,2,30,extrapolated,0,70.756,62.413,79.098,1,1,1,Location,S1
81,2,31,extrapolated,0,70.756,62.412,79.099,1,1,1,Location,S1
82,2,32,extrapolated,0,70.756,62.411,79.1,1,1,1,Location,S1
83,2,33,extrapolated,0,70.756,62.411,79.1,1,1,1,Location,S1
84,2,34,extrapolated,0,70.756,62.411,79.1,1,1,1,Location,S1
85,2,35,extrapolated,0,70.756,62.41,79.101,1,1,1,Location,S1
86,2,36,extrapolated,0,70.756,62.41,79.101,1,1,1,Location,S1
87,2,37,extrapolated,0,70.756,62.41,79.101,1,1,1,Location,S1
88,2,38,extrapolated,0,70.756,62.41,79.101,1,1,1,Location,S1
89,2,39,extrapolated,0,70.756,62.41,79.101,1,1,1,Location,S1
90,2,40,extrapolated,0,70.756,62.41,79.101,1,1,1,Location,S1
91,2,41,extrapolated,0,70.756,62.41,79.101,1,1,1,Location,S1
92,2,42,extrapolated,0,70.756,62.41,79.101,1,1,1,Location,S1
93,2,43,extrapolated,0,70.756,62.41,79.101,1,1,1,Location,S1
94,2,44,extrapolated,0,70.756,62.41,79.101,1,1,1,Location,S1
95,2,45,extrapolated,0,70.756,62.41,79.101,1,1,1,Location,S1
96,2,46,extrapolated,0,70.756,62.41,79.101,1,1,1,Location,S1
97,2,47,extrapolated,0,70.756,62.41,79.101,1,1,1,Location,S1
98,2,48,extrapolated,0,70.756,62.41,79.102,1,1,1,Location,S1
99,2,49,extrapolated,0,70.756,62.41,79.102,1,1,1,Location,S1
100,2,50,extrapolated,0,70.756,62.41,79.102,1,1,1,Location,S1
101,3,1,interpolated,0,50,47.097,52.903,0.827,0.788,0.865,Location,S1
102,3,2,interpolated,0,58.667,55.074,62.259,0.933,0.899,0.968,Location,S1
103,3,3,observed,0,62,57.735,66.265,0.974,0.945,1,Location,S1
104,3,4,extrapolated,0,63.282,58.253,68.311,0.99,0.968,1,Location,S1
105,3,5,extrapolated,0,63.775,58.065,69.485,0.996,0.981,1,Location,S1
106,3,6,extrapolated,0,63.965,57.729,70.201,0.999,0.988,1,Location,S1
107,3,7,extrapolated,0,64.038,57.421,70.655,0.999,0.992,1,Location,S1
108,3,8,extrapolated,0,64.066,57.18,70.951,1,0.994,1,Location,S1
109,3,9,extrapolated,0,64.077,57.004,71.149,1,0.996,1,Location,S1
110,3,10,extrapolated,0,64.081,56.879,71.282,1,0.997,1,Location,S1
111,3,11,extrapolated,0,64.082,56.792,71.373,1,0.998,1,Location,S1
112,3,12,extrapolated,0,64.083,56.73,71.436,1,0.999,1,Location,S1
113,3,13,extrapolated,0,64.083,56.687,71.479,1,0.999,1,Location,S1
114,3,14,extrapolated,0,64.083,56.657,71.51,1,0.999,1,Location,S1
115,3,15,extrapolated,0,64.083,56.635,71.531,1,0.999,1,Location,S1
116,3,16,extrapolated,0,64.083,56.62,71.546,1,1,1,Location,S1
117,3,17,extrapolated,0,64.083,56.609,71.557,1,1,1,Location,S1
118,3,18,extrapolated,0,64.083,56.602,71.565,1,1,1,Location,S1
119,3,19,extrapolated,0,64.083,56.596,71.57,1,1,1,Location,S1
120,3,20,extrapolated,0,64.083,56.592,71.574,1,1,1,Location,S1
121,3,21,extrapolated,0,64.083,56.589,71.577,1,1,1,Location,S1
122,3,22,extrapolated,0,64.083,56.587,71.579,1,1,1,Location,S1
123,3,23,extrapolated,0,64.083,56.586,71.581,1,1,1,Location,S1
124,3,24,extrapolated,0,64.083,56.585,71.582,1,1,1,Location,S1
125,3,25,extrapolated,0,64.083,56.584,71.583,1,1,1,Location,S1
126,3,26,extrapolated,0,64.083,56.583,71.584,1,1,1,Location,S1
127,3,27,extrapolated,0,64.083,56.583,71.584,1,1,1,Location,S1
128,3,28,extrapolated,0,64.083,56.582,71.584,1,1,1,Location,S1
129,3,29,extrapolated,0,64.083,56.582,71.585,1,1,1,Location,S1
130,3,30,extrapolated,0,64.083,56.582,71.585,1,1,1,Location,S1
131,3,31,extrapolated,0,64.083,56.582,71.585,1,1,1,Location,S1
132,3,32,extrapolated,0,64.083,56.582,71.585,1,1,1,Location,S1
133,3,33,extrapolated,0,64.083,56.582,71.585,1,1,1,Location,S1
134,3,34,extrapolated,0,64.083,56.582,71.585,1,1,1,Location,S1
135,3,35,extrapolated,0,64.083,56.582,71.585,1,1,1,Location,S1
136,3,36,extrapolated,0,64.083,56.582,71.585,1,1,1,Location,S1
137,3,37,extrapolated,0,64.083,56.581,71.585,1,1,1,Location,S1
138,3,38,extrapolated,0,64.083,56.581,71.585,1,1,1,Location,S1
139,3,39,extrapolated,0,64.083,56.581,71.585,1,1,1,Location,S1
140,3,40,extrapolated,0,64.083,56.581,71.585,1,1,1,Location,S1
141,3,41,extrapolated,0,64.083,56.581,71.585,1,1,1,Location,S1
142,3,42,extrapolated,0,64.083,56.581,71.585,1,1,1,Location,S1
143,3,43,extrapolated,0,64.083,56.581,71.585,1,1,1,Location,S1
144,3,44,extrapolated,0,64.083,56.581,71.585,1,1,1,Location,S1
145,3,45,extrapolated,0,64.083,56.581,71.585,1,1,1,Location,S1
146,3,46,extrapolated,0,64.083,56.581,71.585,1,1,1,Location,S1
147,3,47,extrapolated,0,64.083,56.581,71.585,1,1,1,Location,S1
148,3,48,extrapolated,0,64.083,56.581,71.585,1,1,1,Location,S1
149,3,49,extrapolated,0,64.083,56.581,71.585,1,1,1,Location,S1
150,3,50,extrapolated,0,64.083,56.581,71.585,1,1,1,Location,S1
151,4,1,interpolated,0,48,44.734,51.266,0.799,0.764,0.833,Location,S1
152,4,2,interpolated,0,57.667,53.21,62.124,0.868,0.835,0.902,Location,S1
153,4,3,observed,0,64,58.987,69.013,0.914,0.877,0.951,Location,S1
154,4,4,extrapolated,0,68.149,62.505,73.794,0.943,0.908,0.979,Location,S1
155,4,5,extrapolated,0,70.868,64.382,77.354,0.963,0.931,0.995,Location,S1
156,4,6,extrapolated,0,72.649,65.239,80.059,0.976,0.949,1,Location,S1
157,4,7,extrapolated,0,73.816,65.522,82.11,0.984,0.962,1,Location,S1
158,4,8,extrapolated,0,74.581,65.501,83.661,0.99,0.971,1,Location,S1
159,4,9,extrapolated,0,75.082,65.332,84.831,0.993,0.978,1,Location,S1
160,4,10,extrapolated,0,75.41,65.105,85.714,0.996,0.983,1,Location,S1
161,4,11,extrapolated,0,75.625,64.866,86.384,0.997,0.987,1,Location,S1
162,4,12,extrapolated,0,75.766,64.639,86.892,0.998,0.99,1,Location,S1
163,4,13,extrapolated,0,75.858,64.436,87.28,0.999,0.992,1,Location,S1
164,4,14,extrapolated,0,75.918,64.259,87.577,0.999,0.994,1,Location,S1
165,4,15,extrapolated,0,75.958,64.11,87.806,0.999,0.995,1,Location,S1
166,4,16,extrapolated,0,75.984,63.985,87.983,1,0.996,1,Location,S1
167,4,17,extrapolated,0,76.001,63.882,88.12,1,0.997,1,Location,S1
168,4,18,extrapolated,0,76.012,63.798,88.226,1,0.998,1,Location,S1
169,4,19,extrapolated,0,76.019,63.729,88.31,1,0.998,1,Location,S1
170,4,20,extrapolated,0,76.024,63.674,88.375,1,0.999,1,Location,S1
171,4,21,extrapolated,0,76.027,63.629,88.426,1,0.999,1,Location,S1
172,4,22,extrapolated,0,76.029,63.593,88.466,1,0.999,1,Location,S1
173,4,23,extrapolated,0,76.031,63.564,88.498,1,0.999,1,Location,S1
174,4,24,extrapolated,0,76.032,63.54,88.523,1,0.999,1,Location,S1
175,4,25,extrapolated,0,76.032,63.522,88.543,1,1,1,Location,S1
176,4,26,extrapolated,0,76.033,63.507,88.558,1,1,1,Location,S1
177,4,27,extrapolated,0,76.033,63.495,88.571,1,1,1,Location,S1
178,4,28,extrapolated,0,76.033,63.485,88.581,1,1,1,Location,S1
179,4,29,extrapolated,0,76.033,63.478,88.589,1,1,1,Location,S1
180,4,30,extrapolated,0,76.033,63.471,88.595,1,1,1,Location,S1
181,4,31,extrapolated,0,76.033,63.466,88.6,1,1,1,Location,S1
182,4,32,extrapolated,0,76.033,63.463,88.604,1,1,1,Location,S1
183,4,33,extrapolated,0,76.033,63.459,88.607,1,1,1,Location,S1
184,4,34,extrapolated,0,76.033,63.457,88.61,1,1,1,Location,S1
185,4,35,extrapolated,0,76.033,63.455,88.612,1,1,1,Location,S1
186,4,36,extrapolated,0,76.033,63.453,88.613,1,1,1,Location,S1
187,4,37,extrapolated,0,76.033,63.452,88.615,1,1,1,Location,S1
188,4,38,extrapolated,0,76.033,63.451,88.616,1,1,1,Location,S1
189,4,39,extrapolated,0,76.033,63.45,88.617,1,1,1,Location,S1
190,4,40,extrapolated,0,76.033,63.449,88.617,1,1,1,Location,S1
191,4,41,extrapolated,0,76.033,63.449,88.618,1,1,1,Location,S1
192,4,42,extrapolated,0,76.033,63.448,88.618,1,1,1,Location,S1
193,4,43,extrapolated,0,76.033,63.448,88.619,1,1,1,Location,S1
194,4,44,extrapolated,0,76.033,63.448,88.619,1,1,1,Location,S1
195,4,45,extrapolated,0,76.033,63.448,88.619,1,1,1,Location,S1
196,4,46,extrapolated,0,76.033,63.447,88.619,1,1,1,Location,S1
197,4,47,extrapolated,0,76.033,63.447,88.619,1,1,1,Location,S1
198,4,48,extrapolated,0,76.033,63.447,88.62,1,1,1,Location,S1
199,4,49,extrapolated,0,76.033,63.447,88.62,1,1,1,Location,S1
200,4,50,extrapolated,0,76.033,63.447,88.62,1,1,1,Location,S1
201,1,1,interpolated,0,38.667,36.166,41.168,0.776,0.732,0.819,Location,S2
202,1,2,interpolated,0,47.333,43.913,50.754,0.879,0.833,0.925,Location,S2
203,1,3,observed,0,52,48.033,55.967,0.935,0.889,0.982,Location,S2
204,1,4,extrapolated,0,54.513,49.747,59.279,0.965,0.924,1,Location,S2
205,1,5,extrapolated,0,55.866,50.161,61.57,0.981,0.946,1,Location,S2
206,1,6,extrapolated,0,56.594,49.987,63.202,0.99,0.961,1,Location,S2
207,1,7,extrapolated,0,56.987,49.583,64.391,0.995,0.971,1,Location,S2
208,1,8,extrapolated,0,57.198,49.117,65.279,0.997,0.977,1,Location,S2
209,1,9,extrapolated,0,57.312,48.662,65.961,0.998,0.982,1,Location,S2
210,1,10,extrapolated,0,57.373,48.248,66.498,0.999,0.985,1,Location,S2
211,1,11,extrapolated,0,57.406,47.883,66.929,1,0.988,1,Location,S2
212,1,12,extrapolated,0,57.424,47.565,67.282,1,0.99,1,Location,S2
213,1,13,extrapolated,0,57.433,47.291,67.575,1,0.991,1,Location,S2
214,1,14,extrapolated,0,57.438,47.056,67.82,1,0.993,1,Location,S2
215,1,15,extrapolated,0,57.441,46.855,68.028,1,0.994,1,Location,S2
216,1,16,extrapolated,0,57.443,46.681,68.204,1,0.994,1,Location,S2
217,1,17,extrapolated,0,57.444,46.532,68.355,1,0.995,1,Location,S2
218,1,18,extrapolated,0,57.444,46.404,68.484,1,0.996,1,Location,S2
219,1,19,extrapolated,0,57.444,46.293,68.596,1,0.996,1,Location,S2
220,1,20,extrapolated,0,57.444,46.197,68.692,1,0.997,1,Location,S2
221,1,21,extrapolated,0,57.444,46.114,68.774,1,0.997,1,Location,S2
222,1,22,extrapolated,0,57.444,46.042,68.846,1,0.998,1,Location,S2
223,1,23,extrapolated,0,57.444,45.98,68.909,1,0.998,1,Location,S2
224,1,24,extrapolated,0,57.444,45.926,68.963,1,0.998,1,Location,S2
225,1,25,extrapolated,0,57.444,45.879,69.01,1,0.998,1,Location,S2
226,1,26,extrapolated,0,57.444,45.839,69.05,1,0.999,1,Location,S2
227,1,27,extrapolated,0,57.444,45.803,69.086,1,0.999,1,Location,S2
228,1,28,extrapolated,0,57.444,45.772,69.117,1,0.999,1,Location,S2
229,1,29,extrapolated,0,57.444,45.745,69.144,1,0.999,1,Location,S2
230,1,30,extrapolated,0,57.444,45.722,69.167,1,0.999,1,Location,S2
231,1,31,extrapolated,0,57.444,45.701,69.188,1,0.999,1,Location,S2
232,1,32,extrapolated,0,57.444,45.684,69.205,1,0.999,1,Location,S2
233,1,33,extrapolated,0,57.444,45.668,69.221,1,0.999,1,Location,S2
234,1,34,extrapolated,0,57.444,45.654,69.234,1,1,1,Location,S2
235,1,35,extrapolated,0,57.444,45.643,69.246,1,1,1,Location,S2
236,1,36,extrapolated,0,57.444,45.632,69.257,1,1,1,Location,S2
237,1,37,extrapolated,0,57.444,45.623,69.266,1,1,1,Location,S2
238,1,38,extrapolated,0,57.444,45.615,69.274,1,1,1,Location,S2
239,1,39,extrapolated,0,57.444,45.608,69.28,1,1,1,Location,S2
240,1,40,extrapolated,0,57.444,45.602,69.286,1,1,1,Location,S2
241,1,41,extrapolated,0,57.444,45.597,69.292,1,1,1,Location,S2
242,1,42,extrapolated,0,57.444,45.593,69.296,1,1,1,Location,S2
243,1,43,extrapolated,0,57.444,45.589,69.3,1,1,1,Location,S2
244,1,44,extrapolated,0,57.444,45.585,69.304,1,1,1,Location,S2
245,1,45,extrapolated,0,57.444,45.582,69.307,1,1,1,Location,S2
246,1,46,extrapolated,0,57.444,45.579,69.31,1,1,1,Location,S2
247,1,47,extrapolated,0,57.444,45.577,69.312,1,1,1,Location,S2
248,1,48,extrapolated,0,57.444,45.575,69.314,1,1,1,Location,S2
249,1,49,extrapolated,0,57.444,45.573,69.316,1,1,1,Location,S2
250,1,50,extrapolated,0,57.444,45.572,69.317,1,1,1,Location,S2
251,2,1,interpolated,0,39,35.873,42.127,0.769,0.723,0.815,Location,S2
252,2,2,interpolated,0,48,44.595,51.405,0.872,0.821,0.923,Location,S2
253,2,3,observed,0,53,49.238,56.762,0.929,0.88,0.978,Location,S2
254,2,4,extrapolated,0,55.778,51.133,60.423,0.96,0.918,1,Location,S2
255,2,5,extrapolated,0,57.321,51.603,63.039,0.978,0.944,1,Location,S2
256,2,6,extrapolated,0,58.178,51.461,64.896,0.988,0.96,1,Location,S2
257,2,7,extrapolated,0,58.655,51.093,66.216,0.993,0.972,1,Location,S2
258,2,8,extrapolated,0,58.919,50.674,67.164,0.996,0.979,1,Location,S2
259,2,9,extrapolated,0,59.066,50.278,67.854,0.998,0.984,1,Location,S2
260,2,10,extrapolated,0,59.148,49.932,68.364,0.999,0.988,1,Location,S2
261,2,11,extrapolated,0,59.193,49.641,68.746,0.999,0.991,1,Location,S2
262,2,12,extrapolated,0,59.218,49.402,69.035,1,0.993,1,Location,S2
263,2,13,extrapolated,0,59.232,49.208,69.257,1,0.994,1,Location,S2
264,2,14,extrapolated,0,59.24,49.052,69.429,1,0.996,1,Location,S2
265,2,15,extrapolated,0,59.245,48.927,69.562,1,0.997,1,Location,S2
266,2,16,extrapolated,0,59.247,48.828,69.666,1,0.997,1,Location,S2
267,2,17,extrapolated,0,59.248,48.748,69.748,1,0.998,1,Location,S2
268,2,18,extrapolated,0,59.249,48.685,69.813,1,0.998,1,Location,S2
269,2,19,extrapolated,0,59.249,48.635,69.864,1,0.999,1,Location,S2
270,2,20,extrapolated,0,59.25,48.594,69.905,1,0.999,1,Location,S2
271,2,21,extrapolated,0,59.25,48.562,69.937,1,0.999,1,Location,S2
272,2,22,extrapolated,0,59.25,48.537,69.963,1,0.999,1,Location,S2
273,2,23,extrapolated,0,59.25,48.516,69.984,1,0.999,1,Location,S2
274,2,24,extrapolated,0,59.25,48.5,70,1,1,1,Location,S2
275,2,25,extrapolated,0,59.25,48.487,70.013,1,1,1,Location,S2
276,2,26,extrapolated,0,59.25,48.476,70.024,1,1,1,Location,S2
277,2,27,extrapolated,0,59.25,48.468,70.032,1,1,1,Location,S2
278,2,28,extrapolated,0,59.25,48.461,70.039,1,1,1,Location,S2
279,2,29,extrapolated,0,59.25,48.456,70.044,1,1,1,Location,S2
280,2,30,extrapolated,0,59.25,48.452,70.048,1,1,1,Location,S2
281,2,31,extrapolated,0,59.25,48.448,70.052,1,1,1,Location,S2
282,2,32,extrapolated,0,59.25,48.445,70.055,1,1,1,Location,S2
283,2,33,extrapolated,0,59.25,48.443,70.057,1,1,1,Location,S2
284,2,34,extrapolated,0,59.25,48.441,70.059,1,1,1,Location,S2
285,2,35,extrapolated,0,59.25,48.44,70.06,1,1,1,Location,S2
286,2,36,extrapolated,0,59.25,48.439,70.061,1,1,1,Location,S2
287,2,37,extrapolated,0,59.25,48.438,70.062,1,1,1,Location,S2
288,2,38,extrapolated,0,59.25,48.437,70.063,1,1,1,Location,S2
289,2,39,extrapolated,0,59.25,48.437,70.063,1,1,1,Location,S2
290,2,40,extrapolated,0,59.25,48.436,70.064,1,1,1,Location,S2
291,2,41,extrapolated,0,59.25,48.436,70.064,1,1,1,Location,S2
292,2,42,extrapolated,0,59.25,48.435,70.065,1,1,1,Location,S2
293,2,43,extrapolated,0,59.25,48.435,70.065,1,1,1,Location,S2
294,2,44,extrapolated,0,59.25,48.435,70.065,1,1,1,Location,S2
295,2,45,extrapolated,0,59.25,48.435,70.065,1,1,1,Location,S2
296,2,46,extrapolated,0,59.25,48.435,70.065,1,1,1,Location,S2
297,2,47,extrapolated,0,59.25,48.434,70.066,1,1,1,Location,S2
298,2,48,extrapolated,0,59.25,48.434,70.066,1,1,1,Location,S2
299,2,49,extrapolated,0,59.25,48.434,70.066,1,1,1,Location,S2
300,2,50,extrapolated,0,59.25,48.434,70.066,1,1,1,Location,S2
301,3,1,interpolated,0,38.667,35.084,42.249,0.69,0.647,0.732,Location,S2
302,3,2,interpolated,0,50.667,45.982,55.351,0.81,0.764,0.856,Location,S2
303,3,3,observed,0,58,52.25,63.75,0.884,0.837,0.931,Location,S2
304,3,4,extrapolated,0,62.481,55.596,69.367,0.929,0.888,0.97,Location,S2
305,3,5,extrapolated,0,65.22,57.244,73.197,0.957,0.923,0.99,Location,S2
306,3,6,extrapolated,0,66.894,57.981,75.806,0.974,0.948,0.999,Location,S2
307,3,7,extrapolated,0,67.917,58.254,77.579,0.984,0.964,1,Location,S2
308,3,8,extrapolated,0,68.542,58.303,78.78,0.99,0.976,1,Location,S2
309,3,9,extrapolated,0,68.924,58.253,79.595,0.994,0.983,1,Location,S2
310,3,10,extrapolated,0,69.157,58.167,80.147,0.996,0.988,1,Location,S2
311,3,11,extrapolated,0,69.3,58.076,80.523,0.998,0.992,1,Location,S2
312,3,12,extrapolated,0,69.387,57.994,80.78,0.999,0.994,1,Location,S2
313,3,13,extrapolated,0,69.44,57.925,80.955,0.999,0.996,1,Location,S2
314,3,14,extrapolated,0,69.473,57.869,81.076,0.999,0.997,1,Location,S2
315,3,15,extrapolated,0,69.493,57.825,81.16,1,0.998,1,Location,S2
316,3,16,extrapolated,0,69.505,57.792,81.218,1,0.999,1,Location,S2
317,3,17,extrapolated,0,69.512,57.766,81.258,1,0.999,1,Location,S2
318,3,18,extrapolated,0,69.517,57.747,81.286,1,0.999,1,Location,S2
319,3,19,extrapolated,0,69.519,57.733,81.306,1,0.999,1,Location,S2
320,3,20,extrapolated,0,69.521,57.722,81.32,1,1,1,Location,S2
321,3,21,extrapolated,0,69.522,57.714,81.33,1,1,1,Location,S2
322,3,22,extrapolated,0,69.523,57.709,81.337,1,1,1,Location,S2
323,3,23,extrapolated,0,69.523,57.704,81.342,1,1,1,Location,S2
324,3,24,extrapolated,0,69.523,57.701,81.346,1,1,1,Location,S2
325,3,25,extrapolated,0,69.524,57.699,81.348,1,1,1,Location,S2
326,3,26,extrapolated,0,69.524,57.697,81.35,1,1,1,Location,S2
327,3,27,extrapolated,0,69.524,57.696,81.351,1,1,1,Location,S2
328,3,28,extrapolated,0,69.524,57.695,81.352,1,1,1,Location,S2
329,3,29,extrapolated,0,69.524,57.695,81.353,1,1,1,Location,S2
330,3,30,extrapolated,0,69.524,57.694,81.353,1,1,1,Location,S2
331,3,31,extrapolated,0,69.524,57.694,81.354,1,1,1,Location,S2
332,3,32,extrapolated,0,69.524,57.694,81.354,1,1,1,Location,S2
333,3,33,extrapolated,0,69.524,57.694,81.354,1,1,1,Location,S2
334,3,34,extrapolated,0,69.524,57.693,81.354,1,1,1,Location,S2
335,3,35,extrapolated,0,69.524,57.693,81.354,1,1,1,Location,S2
336,3,36,extrapolated,0,69.524,57.693,81.354,1,1,1,Location,S2
337,3,37,extrapolated,0,69.524,57.693,81.354,1,1,1,Location,S2
338,3,38,extrapolated,0,69.524,57.693,81.354,1,1,1,Location,S2
339,3,39,extrapolated,0,69.524,57.693,81.354,1,1,1,Location,S2
340,3,40,extrapolated,0,69.524,57.693,81.354,1,1,1,Location,S2
341,3,41,extrapolated,0,69.524,57.693,81.354,1,1,1,Location,S2
342,3,42,extrapolated,0,69.524,57.693,81.354,1,1,1,Location,S2
343,3,43,extrapolated,0,69.524,57.693,81.354,1,1,1,Location,S2
344,3,44,extrapolated,0,69.524,57.693,81.354,1,1,1,Location,S2
345,3,45,extrapolated,0,69.524,57.693,81.355,1,1,1,Location,S2
346,3,46,extrapolated,0,69.524,57.693,81.355,1,1,1,Location,S2
347,3,47,extrapolated,0,69.524,57.693,81.355,1,1,1,Location,S2
348,3,48,extrapolated,0,69.524,57.693,81.355,1,1,1,Location,S2
349,3,49,extrapolated,0,69.524,57.693,81.355,1,1,1,Location,S2
350,3,50,extrapolated,0,69.524,57.693,81.355,1,1,1,Location,S2
351,4,1,interpolated,0,45.667,43.279,48.054,0.788,0.748,0.829,Location,S2
352,4,2,interpolated,0,55.333,51.948,58.718,0.898,0.859,0.937,Location,S2
353,4,3,observed,0,60,55.746,64.254,0.951,0.912,0.989,Location,S2
354,4,4,extrapolated,0,62.253,57.016,67.49,0.976,0.943,1,Location,S2
355,4,5,extrapolated,0,63.34,57.126,69.555,0.989,0.961,1,Location,S2
356,4,6,extrapolated,0,63.866,56.791,70.94,0.994,0.973,1,Location,S2
357,4,7,extrapolated,0,64.119,56.332,71.906,0.997,0.98,1,Location,S2
358,4,8,extrapolated,0,64.241,55.882,72.6,0.999,0.985,1,Location,S2
359,4,9,extrapolated,0,64.3,55.489,73.112,0.999,0.989,1,Location,S2
360,4,10,extrapolated,0,64.329,55.162,73.496,1,0.991,1,Location,S2
361,4,11,extrapolated,0,64.343,54.897,73.789,1,0.993,1,Location,S2
362,4,12,extrapolated,0,64.349,54.685,74.014,1,0.995,1,Location,S2
363,4,13,extrapolated,0,64.353,54.517,74.188,1,0.996,1,Location,S2
364,4,14,extrapolated,0,64.354,54.384,74.324,1,0.997,1,Location,S2
365,4,15,extrapolated,0,64.355,54.279,74.431,1,0.997,1,Location,S2
366,4,16,extrapolated,0,64.355,54.196,74.515,1,0.998,1,Location,S2
367,4,17,extrapolated,0,64.355,54.13,74.581,1,0.998,1,Location,S2
368,4,18,extrapolated,0,64.355,54.078,74.633,1,0.999,1,Location,S2
369,4,19,extrapolated,0,64.356,54.037,74.674,1,0.999,1,Location,S2
370,4,20,extrapolated,0,64.356,54.004,74.707,1,0.999,1,Location,S2
371,4,21,extrapolated,0,64.356,53.978,74.733,1,0.999,1,Location,S2
372,4,22,extrapolated,0,64.356,53.958,74.753,1,0.999,1,Location,S2
373,4,23,extrapolated,0,64.356,53.941,74.77,1,1,1,Location,S2
374,4,24,extrapolated,0,64.356,53.928,74.783,1,1,1,Location,S2
375,4,25,extrapolated,0,64.356,53.918,74.793,1,1,1,Location,S2
376,4,26,extrapolated,0,64.356,53.909,74.802,1,1,1,Location,S2
377,4,27,extrapolated,0,64.356,53.903,74.808,1,1,1,Location,S2
378,4,28,extrapolated,0,64.356,53.897,74.814,1,1,1,Location,S2
379,4,29,extrapolated,0,64.356,53.893,74.818,1,1,1,Location,S2
380,4,30,extrapolated,0,64.356,53.89,74.822,1,1,1,Location,S2
381,4,31,extrapolated,0,64.356,53.887,74.824,1,1,1,Location,S2
382,4,32,extrapolated,0,64.356,53.885,74.826,1,1,1,Location,S2
383,4,33,extrapolated,0,64.356,53.883,74.828,1,1,1,Location,S2
384,4,34,extrapolated,0,64.356,53.881,74.83,1,1,1,Location,S2
385,4,35,extrapolated,0,64.356,53.88,74.831,1,1,1,Location,S2
386,4,36,extrapolated,0,64.356,53.879,74.832,1,1,1,Location,S2
387,4,37,extrapolated,0,64.356,53.879,74.832,1,1,1,Location,S2
388,4,38,extrapolated,0,64.356,53.878,74.833,1,1,1,Location,S2
389,4,39,extrapolated,0,64.356,53.878,74.834,1,1,1,Location,S2
390,4,40,extrapolated,0,64.356,53.877,74.834,1,1,1,Location,S2
391,4,41,extrapolated,0,64.356,53.877,74.834,1,1,1,Location,S2
392,4,42,extrapolated,0,64.356,53.877,74.834,1,1,1,Location,S2
393,4,43,extrapolated,0,64.356,53.876,74.835,1,1,1,Location,S2
394,4,44,extrapolated,0,64.356,53.876,74.835,1,1,1,Location,S2
395,4,45,extrapolated,0,64.356,53.876,74.835,1,1,1,Location,S2
396,4,46,extrapolated,0,64.356,53.876,74.835,1,1,1,Location,S2
397,4,47,extrapolated,0,64.356,53.876,74.835,1,1,1,Location,S2
398,4,48,extrapolated,0,64.356,53.876,74.835,1,1,1,Location,S2
399,4,49,extrapolated,0,64.356,53.876,74.835,1,1,1,Location,S2
400,4,50,extrapolated,0,64.356,53.876,74.835,1,1,1,Location,S2
401,1,1,interpolated,0,48,44.729,51.271,0.75,0.704,0.796,Location,S3
402,1,2,interpolated,0,60,55.739,64.261,0.833,0.782,0.884,Location,S3
403,1,3,observed,0,68,62.876,73.124,0.889,0.835,0.943,Location,S3
404,1,4,extrapolated,0,73.333,66.901,79.766,0.926,0.875,0.976,Location,S3
405,1,5,extrapolated,0,76.889,68.884,84.893,0.951,0.906,0.995,Location,S3
406,1,6,extrapolated,0,79.259,69.688,88.831,0.967,0.928,1,Location,S3
407,1,7,extrapolated,0,80.84,69.838,91.841,0.978,0.945,1,Location,S3
408,1,8,extrapolated,0,81.893,69.641,94.145,0.985,0.958,1,Location,S3
409,1,9,extrapolated,0,82.595,69.273,95.918,0.99,0.967,1,Location,S3
410,1,10,extrapolated,0,83.064,68.834,97.293,0.993,0.974,1,Location,S3
411,1,11,extrapolated,0,83.376,68.382,98.369,0.996,0.979,1,Location,S3
412,1,12,extrapolated,0,83.584,67.947,99.22,0.997,0.983,1,Location,S3
413,1,13,extrapolated,0,83.723,67.545,99.9,0.998,0.986,1,Location,S3
414,1,14,extrapolated,0,83.815,67.182,100.448,0.999,0.988,1,Location,S3
415,1,15,extrapolated,0,83.877,66.86,100.893,0.999,0.99,1,Location,S3
416,1,16,extrapolated,0,83.918,66.577,101.258,0.999,0.992,1,Location,S3
417,1,17,extrapolated,0,83.945,66.33,101.56,1,0.993,1,Location,S3
418,1,18,extrapolated,0,83.963,66.116,101.811,1,0.994,1,Location,S3
419,1,19,extrapolated,0,83.976,65.931,102.02,1,0.995,1,Location,S3
420,1,20,extrapolated,0,83.984,65.771,102.196,1,0.996,1,Location,S3
421,1,21,extrapolated,0,83.989,65.634,102.345,1,0.996,1,Location,S3
422,1,22,extrapolated,0,83.993,65.515,102.47,1,0.997,1,Location,S3
423,1,23,extrapolated,0,83.995,65.413,102.577,1,0.997,1,Location,S3
424,1,24,extrapolated,0,83.997,65.325,102.668,1,0.998,1,Location,S3
425,1,25,extrapolated,0,83.998,65.25,102.746,1,0.998,1,Location,S3
426,1,26,extrapolated,0,83.999,65.185,102.812,1,0.998,1,Location,S3
427,1,27,extrapolated,0,83.999,65.129,102.869,1,0.998,1,Location,S3
428,1,28,extrapolated,0,83.999,65.081,102.918,1,0.999,1,Location,S3
429,1,29,extrapolated,0,84,65.039,102.96,1,0.999,1,Location,S3
430,1,30,extrapolated,0,84,65.003,102.996,1,0.999,1,Location,S3
431,1,31,extrapolated,0,84,64.972,103.028,1,0.999,1,Location,S3
432,1,32,extrapolated,0,84,64.945,103.054,1,0.999,1,Location,S3
433,1,33,extrapolated,0,84,64.922,103.078,1,0.999,1,Location,S3
434,1,34,extrapolated,0,84,64.902,103.098,1,0.999,1,Location,S3
435,1,35,extrapolated,0,84,64.885,103.115,1,0.999,1,Location,S3
436,1,36,extrapolated,0,84,64.87,103.13,1,1,1,Location,S3
437,1,37,extrapolated,0,84,64.857,103.143,1,1,1,Location,S3
438,1,38,extrapolated,0,84,64.846,103.154,1,1,1,Location,S3
439,1,39,extrapolated,0,84,64.836,103.164,1,1,1,Location,S3
440,1,40,extrapolated,0,84,64.827,103.173,1,1,1,Location,S3
441,1,41,extrapolated,0,84,64.82,103.18,1,1,1,Location,S3
442,1,42,extrapolated,0,84,64.814,103.186,1,1,1,Location,S3
443,1,43,extrapolated,0,84,64.808,103.192,1,1,1,Location,S3
444,1,44,extrapolated,0,84,64.803,103.197,1,1,1,Location,S3
445,1,45,extrapolated,0,84,64.799,103.201,1,1,1,Location,S3
446,1,46,extrapolated,0,84,64.795,103.205,1,1,1,Location,S3
447,1,47,extrapolated,0,84,64.792,103.208,1,1,1,Location,S3
448,1,48,extrapolated,0,84,64.789,103.211,1,1,1,Location,S3
449,1,49,extrapolated,0,84,64.787,103.213,1,1,1,Location,S3
450,1,50,extrapolated,0,84,64.785,103.215,1,1,1,Location,S3
451,2,1,interpolated,0,45,41.943,48.057,0.77,0.731,0.81,Location,S3
452,2,2,interpolated,0,55.333,50.74,59.927,0.83,0.778,0.881,Location,S3
453,2,3,observed,0,63,57.019,68.981,0.874,0.814,0.933,Location,S3
454,2,4,extrapolated,0,68.688,60.943,76.434,0.906,0.845,0.967,Location,S3
455,2,5,extrapolated,0,72.908,63.113,82.704,0.93,0.872,0.989,Location,S3
456,2,6,extrapolated,0,76.04,64.121,87.958,0.948,0.894,1,Location,S3
457,2,7,extrapolated,0,78.363,64.388,92.337,0.962,0.912,1,Location,S3
458,2,8,extrapolated,0,80.086,64.192,95.98,0.972,0.926,1,Location,S3
459,2,9,extrapolated,0,81.365,63.713,99.017,0.979,0.938,1,Location,S3
460,2,10,extrapolated,0,82.314,63.07,101.558,0.984,0.948,1,Location,S3
461,2,11,extrapolated,0,83.018,62.342,103.694,0.988,0.955,1,Location,S3
462,2,12,extrapolated,0,83.54,61.578,105.502,0.991,0.962,1,Location,S3
463,2,13,extrapolated,0,83.928,60.814,107.041,0.994,0.967,1,Location,S3
464,2,14,extrapolated,0,84.215,60.07,108.36,0.995,0.971,1,Location,S3
465,2,15,extrapolated,0,84.428,59.36,109.497,0.996,0.975,1,Location,S3
466,2,16,extrapolated,0,84.587,58.69,110.483,0.997,0.978,1,Location,S3
467,2,17,extrapolated,0,84.704,58.065,111.344,0.998,0.98,1,Location,S3
468,2,18,extrapolated,0,84.791,57.485,112.098,0.999,0.983,1,Location,S3
469,2,19,extrapolated,0,84.856,56.95,112.762,0.999,0.984,1,Location,S3
470,2,20,extrapolated,0,84.904,56.459,113.348,0.999,0.986,1,Location,S3
471,2,21,extrapolated,0,84.939,56.01,113.869,0.999,0.988,1,Location,S3
472,2,22,extrapolated,0,84.966,55.599,114.333,1,0.989,1,Location,S3
473,2,23,extrapolated,0,84.985,55.225,114.746,1,0.99,1,Location,S3
474,2,24,extrapolated,0,85,54.884,115.116,1,0.991,1,Location,S3
475,2,25,extrapolated,0,85.011,54.574,115.448,1,0.992,1,Location,S3
476,2,26,extrapolated,0,85.019,54.292,115.746,1,0.993,1,Location,S3
477,2,27,extrapolated,0,85.025,54.036,116.013,1,0.993,1,Location,S3
478,2,28,extrapolated,0,85.029,53.803,116.255,1,0.994,1,Location,S3
479,2,29,extrapolated,0,85.032,53.592,116.472,1,0.994,1,Location,S3
480,2,30,extrapolated,0,85.035,53.401,116.669,1,0.995,1,Location,S3
481,2,31,extrapolated,0,85.036,53.227,116.846,1,0.995,1,Location,S3
482,2,32,extrapolated,0,85.038,53.069,117.006,1,0.996,1,Location,S3
483,2,33,extrapolated,0,85.039,52.926,117.151,1,0.996,1,Location,S3
484,2,34,extrapolated,0,85.04,52.796,117.283,1,0.997,1,Location,S3
485,2,35,extrapolated,0,85.04,52.678,117.402,1,0.997,1,Location,S3
486,2,36,extrapolated,0,85.041,52.572,117.509,1,0.997,1,Location,S3
487,2,37,extrapolated,0,85.041,52.474,117.607,1,0.997,1,Location,S3
488,2,38,extrapolated,0,85.041,52.386,117.696,1,0.998,1,Location,S3
489,2,39,extrapolated,0,85.041,52.306,117.776,1,0.998,1,Location,S3
490,2,40,extrapolated,0,85.041,52.233,117.849,1,0.998,1,Location,S3
491,2,41,extrapolated,0,85.041,52.167,117.915,1,0.998,1,Location,S3
492,2,42,extrapolated,0,85.041,52.107,117.976,1,0.998,1,Location,S3
493,2,43,extrapolated,0,85.042,52.053,118.03,1,0.999,1,Location,S3
494,2,44,extrapolated,0,85.042,52.003,118.08,1,0.999,1,Location,S3
495,2,45,extrapolated,0,85.042,51.958,118.125,1,0.999,1,Location,S3
496,2,46,extrapolated,0,85.042,51.917,118.166,1,0.999,1,Location,S3
497,2,47,extrapolated,0,85.042,51.88,118.203,1,0.999,1,Location,S3
498,2,48,extrapolated,0,85.042,51.846,118.237,1,0.999,1,Location,S3
499,2,49,extrapolated,0,85.042,51.816,118.268,1,0.999,1,Location,S3
500,2,50,extrapolated,0,85.042,51.788,118.296,1,0.999,1,Location,S3
501,3,1,interpolated,0,47,43.595,50.405,0.73,0.68,0.781,Location,S3
502,3,2,interpolated,0,59.667,54.004,65.329,0.801,0.746,0.856,Location,S3
503,3,3,observed,0,69,61.508,76.492,0.854,0.795,0.912,Location,S3
504,3,4,extrapolated,0,75.877,66.509,85.245,0.892,0.836,0.948,Location,S3
505,3,5,extrapolated,0,80.945,69.668,92.221,0.921,0.87,0.972,Location,S3
506,3,6,extrapolated,0,84.678,71.585,97.772,0.941,0.897,0.986,Location,S3
507,3,7,extrapolated,0,87.43,72.689,102.171,0.957,0.918,0.996,Location,S3
508,3,8,extrapolated,0,89.457,73.267,105.647,0.968,0.935,1,Location,S3
509,3,9,extrapolated,0,90.951,73.508,108.394,0.977,0.948,1,Location,S3
510,3,10,extrapolated,0,92.051,73.536,110.567,0.983,0.958,1,Location,S3
511,3,11,extrapolated,0,92.862,73.433,112.292,0.987,0.966,1,Location,S3
512,3,12,extrapolated,0,93.46,73.254,113.666,0.991,0.972,1,Location,S3
513,3,13,extrapolated,0,93.9,73.034,114.767,0.993,0.977,1,Location,S3
514,3,14,extrapolated,0,94.225,72.797,115.653,0.995,0.981,1,Location,S3
515,3,15,extrapolated,0,94.464,72.558,116.37,0.996,0.985,1,Location,S3
516,3,16,extrapolated,0,94.64,72.327,116.953,0.997,0.987,1,Location,S3
517,3,17,extrapolated,0,94.77,72.11,117.43,0.998,0.989,1,Location,S3
518,3,18,extrapolated,0,94.866,71.909,117.823,0.999,0.991,1,Location,S3
519,3,19,extrapolated,0,94.936,71.725,118.147,0.999,0.992,1,Location,S3
520,3,20,extrapolated,0,94.988,71.559,118.417,0.999,0.993,1,Location,S3
521,3,21,extrapolated,0,95.026,71.411,118.642,0.999,0.994,1,Location,S3
522,3,22,extrapolated,0,95.054,71.279,118.83,1,0.995,1,Location,S3
523,3,23,extrapolated,0,95.075,71.161,118.989,1,0.996,1,Location,S3
524,3,24,extrapolated,0,95.09,71.058,119.123,1,0.997,1,Location,S3
525,3,25,extrapolated,0,95.102,70.967,119.237,1,0.997,1,Location,S3
526,3,26,extrapolated,0,95.11,70.887,119.333,1,0.997,1,Location,S3
527,3,27,extrapolated,0,95.116,70.817,119.416,1,0.998,1,Location,S3
528,3,28,extrapolated,0,95.121,70.755,119.486,1,0.998,1,Location,S3
529,3,29,extrapolated,0,95.124,70.702,119.546,1,0.998,1,Location,S3
530,3,30,extrapolated,0,95.126,70.655,119.598,1,0.999,1,Location,S3
531,3,31,extrapolated,0,95.128,70.614,119.643,1,0.999,1,Location,S3
532,3,32,extrapolated,0,95.13,70.578,119.681,1,0.999,1,Location,S3
533,3,33,extrapolated,0,95.131,70.547,119.714,1,0.999,1,Location,S3
534,3,34,extrapolated,0,95.131,70.52,119.742,1,0.999,1,Location,S3
535,3,35,extrapolated,0,95.132,70.497,119.767,1,0.999,1,Location,S3
536,3,36,extrapolated,0,95.132,70.476,119.788,1,0.999,1,Location,S3
537,3,37,extrapolated,0,95.133,70.458,119.807,1,0.999,1,Location,S3
538,3,38,extrapolated,0,95.133,70.443,119.823,1,1,1,Location,S3
539,3,39,extrapolated,0,95.133,70.429,119.836,1,1,1,Location,S3
540,3,40,extrapolated,0,95.133,70.418,119.848,1,1,1,Location,S3
541,3,41,extrapolated,0,95.133,70.407,119.859,1,1,1,Location,S3
542,3,42,extrapolated,0,95.133,70.398,119.868,1,1,1,Location,S3
543,3,43,extrapolated,0,95.133,70.391,119.876,1,1,1,Location,S3
544,3,44,extrapolated,0,95.133,70.384,119.883,1,1,1,Location,S3
545,3,45,extrapolated,0,95.133,70.378,119.889,1,1,1,Location,S3
546,3,46,extrapolated,0,95.133,70.373,119.894,1,1,1,Location,S3
547,3,47,extrapolated,0,95.133,70.368,119.898,1,1,1,Location,S3
548,3,48,extrapolated,0,95.133,70.364,119.902,1,1,1,Location,S3
549,3,49,extrapolated,0,95.133,70.361,119.906,1,1,1,Location,S3
550,3,50,extrapolated,0,95.133,70.358,119.909,1,1,1,Location,S3
551,4,1,interpolated,0,46.667,43.161,50.172,0.75,0.708,0.792,Location,S3
552,4,2,interpolated,0,58.333,53.771,62.896,0.879,0.83,0.927,Location,S3
553,4,3,observed,0,64,58.681,69.319,0.941,0.892,0.99,Location,S3
554,4,4,extrapolated,0,66.752,60.298,73.207,0.971,0.928,1,Location,S3
555,4,5,extrapolated,0,68.089,60.344,75.835,0.986,0.951,1,Location,S3
556,4,6,extrapolated,0,68.739,59.79,77.687,0.993,0.964,1,Location,S3
557,4,7,extrapolated,0,69.054,59.078,79.03,0.997,0.973,1,Location,S3
558,4,8,extrapolated,0,69.207,58.382,80.032,0.998,0.98,1,Location,S3
559,4,9,extrapolated,0,69.282,57.766,80.798,0.999,0.984,1,Location,S3
560,4,10,extrapolated,0,69.318,57.241,81.394,1,0.987,1,Location,S3
561,4,11,extrapolated,0,69.335,56.804,81.867,1,0.989,1,Location,S3
562,4,12,extrapolated,0,69.344,56.442,82.246,1,0.991,1,Location,S3
563,4,13,extrapolated,0,69.348,56.144,82.552,1,0.993,1,Location,S3
564,4,14,extrapolated,0,69.35,55.898,82.802,1,0.994,1,Location,S3
565,4,15,extrapolated,0,69.351,55.696,83.006,1,0.995,1,Location,S3
566,4,16,extrapolated,0,69.351,55.529,83.174,1,0.996,1,Location,S3
567,4,17,extrapolated,0,69.352,55.391,83.312,1,0.997,1,Location,S3
568,4,18,extrapolated,0,69.352,55.278,83.426,1,0.997,1,Location,S3
569,4,19,extrapolated,0,69.352,55.183,83.52,1,0.998,1,Location,S3
570,4,20,extrapolated,0,69.352,55.105,83.598,1,0.998,1,Location,S3
571,4,21,extrapolated,0,69.352,55.041,83.663,1,0.998,1,Location,S3
572,4,22,extrapolated,0,69.352,54.987,83.717,1,0.999,1,Location,S3
573,4,23,extrapolated,0,69.352,54.942,83.761,1,0.999,1,Location,S3
574,4,24,extrapolated,0,69.352,54.905,83.798,1,0.999,1,Location,S3
575,4,25,extrapolated,0,69.352,54.875,83.829,1,0.999,1,Location,S3
576,4,26,extrapolated,0,69.352,54.849,83.855,1,0.999,1,Location,S3
577,4,27,extrapolated,0,69.352,54.828,83.876,1,0.999,1,Location,S3
578,4,28,extrapolated,0,69.352,54.81,83.894,1,1,1,Location,S3
579,4,29,extrapolated,0,69.352,54.795,83.909,1,1,1,Location,S3
580,4,30,extrapolated,0,69.352,54.783,83.921,1,1,1,Location,S3
581,4,31,extrapolated,0,69.352,54.773,83.931,1,1,1,Location,S3
582,4,32,extrapolated,0,69.352,54.764,83.939,1,1,1,Location,S3
583,4,33,extrapolated,0,69.352,54.757,83.947,1,1,1,Location,S3
584,4,34,extrapolated,0,69.352,54.751,83.952,1,1,1,Location,S3
585,4,35,extrapolated,0,69.352,54.746,83.957,1,1,1,Location,S3
586,4,36,extrapolated,0,69.352,54.742,83.961,1,1,1,Location,S3
587,4,37,extrapolated,0,69.352,54.739,83.965,1,1,1,Location,S3
588,4,38,extrapolated,0,69.352,54.736,83.968,1,1,1,Location,S3
589,4,39,extrapolated,0,69.352,54.734,83.97,1,1,1,Location,S3
590,4,40,extrapolated,0,69.352,54.732,83.972,1,1,1,Location,S3
591,4,41,extrapolated,0,69.352,54.73,83.974,1,1,1,Location,S3
592,4,42,extrapolated,0,69.352,54.729,83.975,1,1,1,Location,S3
593,4,43,extrapolated,0,69.352,54.728,83.976,1,1,1,Location,S3
594,4,44,extrapolated,0,69.352,54.727,83.977,1,1,1,Location,S3
595,4,45,extrapolated,0,69.352,54.726,83.978,1,1,1,Location,S3
596,4,46,extrapolated,0,69.352,54.725,83.979,1,1,1,Location,S3
597,4,47,extrapolated,0,69.352,54.725,83.979,1,1,1,Location,S3
598,4,48,extrapolated,0,69.352,54.724,83.98,1,1,1,Location,S3
599,4,49,extrapolated,0,69.352,54.724,83.98,1,1,1,Location,S3
600,4,50,extrapolated,0,69.352,54.723,83.98,1,1,1,Location,S3
601,1,1,interpolated,0,30.333,26.755,33.912,0.692,0.624,0.761,Location,S4
602,1,2,interpolated,0,39.667,33.389,45.945,0.725,0.657,0.794,Location,S4
603,1,3,observed,0,48,39.456,56.544,0.755,0.675,0.834,Location,S4
604,1,4,extrapolated,0,55.44,44.783,66.098,0.781,0.691,0.871,Location,S4
605,1,5,extrapolated,0,62.084,49.257,74.91,0.804,0.706,0.903,Location,S4
606,1,6,extrapolated,0,68.015,52.871,83.16,0.825,0.721,0.93,Location,S4
607,1,7,extrapolated,0,73.311,55.682,90.94,0.844,0.736,0.952,Location,S4
608,1,8,extrapolated,0,78.04,57.783,98.296,0.861,0.751,0.971,Location,S4
609,1,9,extrapolated,0,82.262,59.273,105.25,0.876,0.765,0.986,Location,S4
610,1,10,extrapolated,0,86.031,60.246,111.817,0.889,0.779,0.999,Location,S4
611,1,11,extrapolated,0,89.397,60.785,118.009,0.901,0.793,1,Location,S4
612,1,12,extrapolated,0,92.402,60.964,123.84,0.912,0.805,1,Location,S4
613,1,13,extrapolated,0,95.085,60.844,129.326,0.921,0.817,1,Location,S4
614,1,14,extrapolated,0,97.481,60.477,134.485,0.929,0.829,1,Location,S4
615,1,15,extrapolated,0,99.62,59.906,139.333,0.937,0.839,1,Location,S4
616,1,16,extrapolated,0,101.53,59.169,143.89,0.944,0.849,1,Location,S4
617,1,17,extrapolated,0,103.235,58.297,148.173,0.95,0.858,1,Location,S4
618,1,18,extrapolated,0,104.757,57.315,152.199,0.955,0.866,1,Location,S4
619,1,19,extrapolated,0,106.117,56.247,155.986,0.96,0.874,1,Location,S4
620,1,20,extrapolated,0,107.33,55.111,159.549,0.964,0.881,1,Location,S4
621,1,21,extrapolated,0,108.414,53.924,162.904,0.968,0.888,1,Location,S4
622,1,22,extrapolated,0,109.381,52.698,166.065,0.972,0.895,1,Location,S4
623,1,23,extrapolated,0,110.245,51.445,169.046,0.975,0.9,1,Location,S4
624,1,24,extrapolated,0,111.017,50.176,171.858,0.977,0.906,1,Location,S4
625,1,25,extrapolated,0,111.705,48.898,174.513,0.98,0.911,1,Location,S4
626,1,26,extrapolated,0,112.32,47.618,177.023,0.982,0.916,1,Location,S4
627,1,27,extrapolated,0,112.869,46.342,179.396,0.984,0.92,1,Location,S4
628,1,28,extrapolated,0,113.359,45.076,181.643,0.986,0.924,1,Location,S4
629,1,29,extrapolated,0,113.797,43.823,183.772,0.987,0.928,1,Location,S4
630,1,30,extrapolated,0,114.188,42.586,185.789,0.988,0.932,1,Location,S4
631,1,31,extrapolated,0,114.537,41.37,187.704,0.99,0.935,1,Location,S4
632,1,32,extrapolated,0,114.848,40.175,189.522,0.991,0.938,1,Location,S4
633,1,33,extrapolated,0,115.127,39.004,191.249,0.992,0.941,1,Location,S4
634,1,34,extrapolated,0,115.375,37.858,192.892,0.993,0.944,1,Location,S4
635,1,35,extrapolated,0,115.597,36.738,194.455,0.993,0.946,1,Location,S4
636,1,36,extrapolated,0,115.795,35.646,195.943,0.994,0.949,1,Location,S4
637,1,37,extrapolated,0,115.971,34.582,197.361,0.995,0.951,1,Location,S4
638,1,38,extrapolated,0,116.129,33.545,198.713,0.995,0.953,1,Location,S4
639,1,39,extrapolated,0,116.27,32.537,200.003,0.996,0.955,1,Location,S4
640,1,40,extrapolated,0,116.396,31.558,201.234,0.996,0.957,1,Location,S4
641,1,41,extrapolated,0,116.508,30.607,202.41,0.997,0.959,1,Location,S4
642,1,42,extrapolated,0,116.609,29.684,203.533,0.997,0.961,1,Location,S4
643,1,43,extrapolated,0,116.698,28.789,204.607,0.997,0.963,1,Location,S4
644,1,44,extrapolated,0,116.778,27.921,205.635,0.998,0.964,1,Location,S4
645,1,45,extrapolated,0,116.849,27.081,206.618,0.998,0.966,1,Location,S4
646,1,46,extrapolated,0,116.913,26.267,207.559,0.998,0.967,1,Location,S4
647,1,47,extrapolated,0,116.97,25.48,208.461,0.998,0.968,1,Location,S4
648,1,48,extrapolated,0,117.021,24.718,209.324,0.999,0.97,1,Location,S4
649,1,49,extrapolated,0,117.066,23.98,210.152,0.999,0.971,1,Location,S4
650,1,50,extrapolated,0,117.107,23.268,210.946,0.999,0.972,1,Location,S4
651,2,1,interpolated,0,25.667,23.101,28.233,0.766,0.716,0.816,Location,S4
652,2,2,interpolated,0,31.667,28.008,35.325,0.831,0.763,0.899,Location,S4
653,2,3,observed,0,36,31.166,40.834,0.878,0.803,0.954,Location,S4
654,2,4,extrapolated,0,39.13,32.894,45.366,0.912,0.838,0.986,Location,S4
655,2,5,extrapolated,0,41.39,33.664,49.115,0.936,0.867,1,Location,S4
656,2,6,extrapolated,0,43.022,33.845,52.2,0.954,0.89,1,Location,S4
657,2,7,extrapolated,0,44.201,33.669,54.733,0.967,0.909,1,Location,S4
658,2,8,extrapolated,0,45.053,33.282,56.823,0.976,0.923,1,Location,S4
659,2,9,extrapolated,0,45.668,32.774,58.562,0.983,0.934,1,Location,S4
660,2,10,extrapolated,0,46.112,32.202,60.022,0.988,0.943,1,Location,S4
661,2,11,extrapolated,0,46.433,31.602,61.263,0.991,0.951,1,Location,S4
662,2,12,extrapolated,0,46.664,30.998,62.33,0.993,0.956,1,Location,S4
663,2,13,extrapolated,0,46.832,30.404,63.259,0.995,0.961,1,Location,S4
664,2,14,extrapolated,0,46.952,29.83,64.075,0.997,0.965,1,Location,S4
665,2,15,extrapolated,0,47.04,29.28,64.799,0.998,0.969,1,Location,S4
666,2,16,extrapolated,0,47.103,28.758,65.447,0.998,0.971,1,Location,S4
667,2,17,extrapolated,0,47.148,28.265,66.032,0.999,0.974,1,Location,S4
668,2,18,extrapolated,0,47.181,27.801,66.562,0.999,0.976,1,Location,S4
669,2,19,extrapolated,0,47.205,27.365,67.045,0.999,0.978,1,Location,S4
670,2,20,extrapolated,0,47.222,26.957,67.487,1,0.98,1,Location,S4
671,2,21,extrapolated,0,47.234,26.576,67.893,1,0.981,1,Location,S4
672,2,22,extrapolated,0,47.243,26.22,68.267,1,0.983,1,Location,S4
673,2,23,extrapolated,0,47.25,25.887,68.612,1,0.984,1,Location,S4
674,2,24,extrapolated,0,47.255,25.577,68.932,1,0.985,1,Location,S4
675,2,25,extrapolated,0,47.258,25.288,69.227,1,0.986,1,Location,S4
676,2,26,extrapolated,0,47.26,25.019,69.502,1,0.987,1,Location,S4
677,2,27,extrapolated,0,47.262,24.768,69.756,1,0.988,1,Location,S4
678,2,28,extrapolated,0,47.263,24.534,69.992,1,0.989,1,Location,S4
679,2,29,extrapolated,0,47.264,24.317,70.212,1,0.99,1,Location,S4
680,2,30,extrapolated,0,47.265,24.114,70.416,1,0.991,1,Location,S4
681,2,31,extrapolated,0,47.265,23.925,70.606,1,0.991,1,Location,S4
682,2,32,extrapolated,0,47.266,23.749,70.782,1,0.992,1,Location,S4
683,2,33,extrapolated,0,47.266,23.585,70.947,1,0.992,1,Location,S4
684,2,34,extrapolated,0,47.266,23.433,71.1,1,0.993,1,Location,S4
685,2,35,extrapolated,0,47.266,23.291,71.242,1,0.993,1,Location,S4
686,2,36,extrapolated,0,47.266,23.158,71.374,1,0.994,1,Location,S4
687,2,37,extrapolated,0,47.266,23.035,71.498,1,0.994,1,Location,S4
688,2,38,extrapolated,0,47.267,22.921,71.613,1,0.995,1,Location,S4
689,2,39,extrapolated,0,47.267,22.814,71.719,1,0.995,1,Location,S4
690,2,40,extrapolated,0,47.267,22.714,71.819,1,0.995,1,Location,S4
691,2,41,extrapolated,0,47.267,22.622,71.912,1,0.996,1,Location,S4
692,2,42,extrapolated,0,47.267,22.535,71.998,1,0.996,1,Location,S4
693,2,43,extrapolated,0,47.267,22.455,72.078,1,0.996,1,Location,S4
694,2,44,extrapolated,0,47.267,22.38,72.153,1,0.997,1,Location,S4
695,2,45,extrapolated,0,47.267,22.31,72.223,1,0.997,1,Location,S4
696,2,46,extrapolated,0,47.267,22.246,72.288,1,0.997,1,Location,S4
697,2,47,extrapolated,0,47.267,22.185,72.348,1,0.997,1,Location,S4
698,2,48,extrapolated,0,47.267,22.129,72.405,1,0.997,1,Location,S4
699,2,49,extrapolated,0,47.267,22.076,72.457,1,0.998,1,Location,S4
700,2,50,extrapolated,0,47.267,22.028,72.506,1,0.998,1,Location,S4
701,3,1,interpolated,0,35.667,32.094,39.239,0.636,0.571,0.7,Location,S4
702,3,2,interpolated,0,48.667,43.455,53.878,0.766,0.696,0.837,Location,S4
703,3,3,observed,0,57,50.296,63.704,0.85,0.782,0.918,Location,S4
704,3,4,extrapolated,0,62.342,54.037,70.647,0.904,0.846,0.962,Location,S4
705,3,5,extrapolated,0,65.766,55.952,75.581,0.938,0.892,0.985,Location,S4
706,3,6,extrapolated,0,67.961,56.865,79.058,0.961,0.924,0.997,Location,S4
707,3,7,extrapolated,0,69.368,57.244,81.492,0.975,0.946,1,Location,S4
708,3,8,extrapolated,0,70.27,57.348,83.192,0.984,0.962,1,Location,S4
709,3,9,extrapolated,0,70.848,57.319,84.378,0.99,0.973,1,Location,S4
710,3,10,extrapolated,0,71.219,57.232,85.206,0.993,0.981,1,Location,S4
711,3,11,extrapolated,0,71.457,57.128,85.785,0.996,0.986,1,Location,S4
712,3,12,extrapolated,0,71.609,57.026,86.192,0.997,0.99,1,Location,S4
713,3,13,extrapolated,0,71.707,56.935,86.478,0.998,0.993,1,Location,S4
714,3,14,extrapolated,0,71.769,56.858,86.68,0.999,0.995,1,Location,S4
715,3,15,extrapolated,0,71.809,56.795,86.824,0.999,0.996,1,Location,S4
716,3,16,extrapolated,0,71.835,56.744,86.926,1,0.997,1,Location,S4
717,3,17,extrapolated,0,71.852,56.703,87,1,0.998,1,Location,S4
718,3,18,extrapolated,0,71.862,56.672,87.052,1,0.998,1,Location,S4
719,3,19,extrapolated,0,71.869,56.647,87.09,1,0.999,1,Location,S4
720,3,20,extrapolated,0,71.873,56.629,87.118,1,0.999,1,Location,S4
721,3,21,extrapolated,0,71.876,56.614,87.138,1,0.999,1,Location,S4
722,3,22,extrapolated,0,71.878,56.603,87.152,1,0.999,1,Location,S4
723,3,23,extrapolated,0,71.879,56.595,87.163,1,1,1,Location,S4
724,3,24,extrapolated,0,71.88,56.588,87.171,1,1,1,Location,S4
725,3,25,extrapolated,0,71.88,56.583,87.177,1,1,1,Location,S4
726,3,26,extrapolated,0,71.88,56.58,87.181,1,1,1,Location,S4
727,3,27,extrapolated,0,71.881,56.577,87.184,1,1,1,Location,S4
728,3,28,extrapolated,0,71.881,56.575,87.187,1,1,1,Location,S4
729,3,29,extrapolated,0,71.881,56.573,87.188,1,1,1,Location,S4
730,3,30,extrapolated,0,71.881,56.572,87.19,1,1,1,Location,S4
731,3,31,extrapolated,0,71.881,56.571,87.191,1,1,1,Location,S4
732,3,32,extrapolated,0,71.881,56.57,87.192,1,1,1,Location,S4
733,3,33,extrapolated,0,71.881,56.57,87.192,1,1,1,Location,S4
734,3,34,extrapolated,0,71.881,56.569,87.193,1,1,1,Location,S4
735,3,35,extrapolated,0,71.881,56.569,87.193,1,1,1,Location,S4
736,3,36,extrapolated,0,71.881,56.569,87.193,1,1,1,Location,S4
737,3,37,extrapolated,0,71.881,56.569,87.193,1,1,1,Location,S4
738,3,38,extrapolated,0,71.881,56.568,87.193,1,1,1,Location,S4
739,3,39,extrapolated,0,71.881,56.568,87.194,1,1,1,Location,S4
740,3,40,extrapolated,0,71.881,56.568,87.194,1,1,1,Location,S4
741,3,41,extrapolated,0,71.881,56.568,87.194,1,1,1,Location,S4
742,3,42,extrapolated,0,71.881,56.568,87.194,1,1,1,Location,S4
743,3,43,extrapolated,0,71.881,56.568,87.194,1,1,1,Location,S4
744,3,44,extrapolated,0,71.881,56.568,87.194,1,1,1,Location,S4
745,3,45,extrapolated,0,71.881,56.568,87.194,1,1,1,Location,S4
746,3,46,extrapolated,0,71.881,56.568,87.194,1,1,1,Location,S4
747,3,47,extrapolated,0,71.881,56.568,87.194,1,1,1,Location,S4
748,3,48,extrapolated,0,71.881,56.568,87.194,1,1,1,Location,S4
749,3,49,extrapolated,0,71.881,56.568,87.194,1,1,1,Location,S4
750,3,50,extrapolated,0,71.881,56.568,87.194,1,1,1,Location,S4
751,4,1,interpolated,0,34.667,31.544,37.789,0.712,0.651,0.772,Location,S4
752,4,2,interpolated,0,44.667,39.408,49.926,0.788,0.724,0.853,Location,S4
753,4,3,observed,0,52,44.855,59.145,0.845,0.776,0.914,Location,S4
754,4,4,extrapolated,0,57.378,48.374,66.382,0.886,0.818,0.954,Location,S4
755,4,5,extrapolated,0,61.321,50.481,72.162,0.917,0.853,0.98,Location,S4
756,4,6,extrapolated,0,64.214,51.624,76.804,0.939,0.881,0.997,Location,S4
757,4,7,extrapolated,0,66.334,52.13,80.539,0.955,0.903,1,Location,S4
758,4,8,extrapolated,0,67.89,52.228,83.552,0.967,0.921,1,Location,S4
759,4,9,extrapolated,0,69.03,52.07,85.99,0.976,0.935,1,Location,S4
760,4,10,extrapolated,0,69.867,51.76,87.974,0.982,0.946,1,Location,S4
761,4,11,extrapolated,0,70.48,51.364,89.596,0.987,0.955,1,Location,S4
762,4,12,extrapolated,0,70.93,50.928,90.932,0.99,0.962,1,Location,S4
763,4,13,extrapolated,0,71.26,50.48,92.04,0.993,0.968,1,Location,S4
764,4,14,extrapolated,0,71.501,50.038,92.965,0.995,0.972,1,Location,S4
765,4,15,extrapolated,0,71.679,49.614,93.744,0.996,0.976,1,Location,S4
766,4,16,extrapolated,0,71.809,49.213,94.405,0.997,0.979,1,Location,S4
767,4,17,extrapolated,0,71.904,48.84,94.969,0.998,0.982,1,Location,S4
768,4,18,extrapolated,0,71.974,48.495,95.453,0.999,0.984,1,Location,S4
769,4,19,extrapolated,0,72.026,48.178,95.873,0.999,0.986,1,Location,S4
770,4,20,extrapolated,0,72.063,47.889,96.238,0.999,0.987,1,Location,S4
771,4,21,extrapolated,0,72.091,47.625,96.557,0.999,0.989,1,Location,S4
772,4,22,extrapolated,0,72.111,47.384,96.838,1,0.99,1,Location,S4
773,4,23,extrapolated,0,72.126,47.166,97.085,1,0.991,1,Location,S4
774,4,24,extrapolated,0,72.137,46.969,97.305,1,0.992,1,Location,S4
775,4,25,extrapolated,0,72.145,46.789,97.5,1,0.992,1,Location,S4
776,4,26,extrapolated,0,72.151,46.627,97.674,1,0.993,1,Location,S4
777,4,27,extrapolated,0,72.155,46.48,97.83,1,0.994,1,Location,S4
778,4,28,extrapolated,0,72.158,46.347,97.969,1,0.994,1,Location,S4
779,4,29,extrapolated,0,72.16,46.226,98.095,1,0.995,1,Location,S4
780,4,30,extrapolated,0,72.162,46.116,98.208,1,0.995,1,Location,S4
781,4,31,extrapolated,0,72.163,46.017,98.309,1,0.996,1,Location,S4
782,4,32,extrapolated,0,72.164,45.927,98.401,1,0.996,1,Location,S4
783,4,33,extrapolated,0,72.165,45.846,98.484,1,0.997,1,Location,S4
784,4,34,extrapolated,0,72.165,45.772,98.559,1,0.997,1,Location,S4
785,4,35,extrapolated,0,72.166,45.705,98.627,1,0.997,1,Location,S4
786,4,36,extrapolated,0,72.166,45.644,98.688,1,0.997,1,Location,S4
787,4,37,extrapolated,0,72.166,45.588,98.744,1,0.998,1,Location,S4
788,4,38,extrapolated,0,72.166,45.538,98.794,1,0.998,1,Location,S4
789,4,39,extrapolated,0,72.166,45.493,98.84,1,0.998,1,Location,S4
790,4,40,extrapolated,0,72.166,45.451,98.882,1,0.998,1,Location,S4
791,4,41,extrapolated,0,72.167,45.413,98.92,1,0.998,1,Location,S4
792,4,42,extrapolated,0,72.167,45.379,98.954,1,0.998,1,Location,S4
793,4,43,extrapolated,0,72.167,45.348,98.986,1,0.999,1,Location,S4
794,4,44,extrapolated,0,72.167,45.319,99.014,1,0.999,1,Location,S4
795,4,45,extrapolated,0,72.167,45.293,99.04,1,0.999,1,Location,S4
796,4,46,extrapolated,0,72.167,45.27,99.064,1,0.999,1,Location,S4
797,4,47,extrapolated,0,72.167,45.248,99.085,1,0.999,1,Location,S4
798,4,48,extrapolated,0,72.167,45.229,99.105,1,0.999,1,Location,S4
799,4,49,extrapolated,0,72.167,45.211,99.122,1,0.999,1,Location,S4
800,4,50,extrapolated,0,72.167,45.195,99.139,1,0.999,1,Location,S4
801,1,1,interpolated,0,20,17.343,22.657,0.65,0.552,0.748,Location,S5
802,1,2,observed,0,27,23.109,30.891,0.878,0.841,0.914,Location,S5
803,1,3,extrapolated,0,29.45,25.044,33.856,0.957,0.946,0.969,Location,S5
804,1,4,extrapolated,0,30.308,25.746,34.869,0.985,0.982,0.988,Location,S5
805,1,5,extrapolated,0,30.608,26.003,35.213,0.995,0.994,0.996,Location,S5
806,1,6,extrapolated,0,30.713,26.096,35.33,0.998,0.998,0.998,Location,S5
807,1,7,extrapolated,0,30.749,26.129,35.37,0.999,0.999,0.999,Location,S5
808,1,8,extrapolated,0,30.762,26.141,35.383,1,1,1,Location,S5
809,1,9,extrapolated,0,30.767,26.145,35.388,1,1,1,Location,S5
810,1,10,extrapolated,0,30.768,26.147,35.39,1,1,1,Location,S5
811,1,11,extrapolated,0,30.769,26.147,35.39,1,1,1,Location,S5
812,1,12,extrapolated,0,30.769,26.148,35.391,1,1,1,Location,S5
813,1,13,extrapolated,0,30.769,26.148,35.391,1,1,1,Location,S5
814,1,14,extrapolated,0,30.769,26.148,35.391,1,1,1,Location,S5
815,1,15,extrapolated,0,30.769,26.148,35.391,1,1,1,Location,S5
816,1,16,extrapolated,0,30.769,26.148,35.391,1,1,1,Location,S5
817,1,17,extrapolated,0,30.769,26.148,35.391,1,1,1,Location,S5
818,1,18,extrapolated,0,30.769,26.148,35.391,1,1,1,Location,S5
819,1,19,extrapolated,0,30.769,26.148,35.391,1,1,1,Location,S5
820,1,20,extrapolated,0,30.769,26.148,35.391,1,1,1,Location,S5
821,1,21,extrapolated,0,30.769,26.148,35.391,1,1,1,Location,S5
822,1,22,extrapolated,0,30.769,26.148,35.391,1,1,1,Location,S5
823,1,23,extrapolated,0,30.769,26.148,35.391,1,1,1,Location,S5
824,1,24,extrapolated,0,30.769,26.148,35.391,1,1,1,Location,S5
825,1,25,extrapolated,0,30.769,26.148,35.391,1,1,1,Location,S5
826,1,26,extrapolated,0,30.769,26.148,35.391,1,1,1,Location,S5
827,1,27,extrapolated,0,30.769,26.148,35.391,1,1,1,Location,S5
828,1,28,extrapolated,0,30.769,26.148,35.391,1,1,1,Location,S5
829,1,29,extrapolated,0,30.769,26.148,35.391,1,1,1,Location,S5
830,1,30,extrapolated,0,30.769,26.148,35.391,1,1,1,Location,S5
831,1,31,extrapolated,0,30.769,26.148,35.391,1,1,1,Location,S5
832,1,32,extrapolated,0,30.769,26.148,35.391,1,1,1,Location,S5
833,1,33,extrapolated,0,30.769,26.148,35.391,1,1,1,Location,S5
834,1,34,extrapolated,0,30.769,26.148,35.391,1,1,1,Location,S5
835,1,35,extrapolated,0,30.769,26.148,35.391,1,1,1,Location,S5
836,1,36,extrapolated,0,30.769,26.148,35.391,1,1,1,Location,S5
837,1,37,extrapolated,0,30.769,26.148,35.391,1,1,1,Location,S5
838,1,38,extrapolated,0,30.769,26.148,35.391,1,1,1,Location,S5
839,1,39,extrapolated,0,30.769,26.148,35.391,1,1,1,Location,S5
840,1,40,extrapolated,0,30.769,26.148,35.391,1,1,1,Location,S5
841,1,41,extrapolated,0,30.769,26.148,35.391,1,1,1,Location,S5
842,1,42,extrapolated,0,30.769,26.148,35.391,1,1,1,Location,S5
843,1,43,extrapolated,0,30.769,26.148,35.391,1,1,1,Location,S5
844,1,44,extrapolated,0,30.769,26.148,35.391,1,1,1,Location,S5
845,1,45,extrapolated,0,30.769,26.148,35.391,1,1,1,Location,S5
846,1,46,extrapolated,0,30.769,26.148,35.391,1,1,1,Location,S5
847,1,47,extrapolated,0,30.769,26.148,35.391,1,1,1,Location,S5
848,1,48,extrapolated,0,30.769,26.148,35.391,1,1,1,Location,S5
849,1,49,extrapolated,0,30.769,26.148,35.391,1,1,1,Location,S5
850,1,50,extrapolated,0,30.769,26.148,35.391,1,1,1,Location,S5
851,2,1,interpolated,0,23.333,20.355,26.312,0.571,0.505,0.638,Location,S5
852,2,2,interpolated,0,33.333,29.096,37.571,0.714,0.637,0.791,Location,S5
853,2,3,observed,0,40,34.759,45.241,0.81,0.723,0.896,Location,S5
854,2,4,extrapolated,0,44.444,38.052,50.837,0.873,0.788,0.958,Location,S5
855,2,5,extrapolated,0,47.407,39.719,55.096,0.915,0.837,0.994,Location,S5
856,2,6,extrapolated,0,49.383,40.383,58.383,0.944,0.874,1,Location,S5
857,2,7,extrapolated,0,50.7,40.462,60.937,0.962,0.901,1,Location,S5
858,2,8,extrapolated,0,51.578,40.217,62.938,0.975,0.921,1,Location,S5
859,2,9,extrapolated,0,52.163,39.805,64.52,0.983,0.936,1,Location,S5
860,2,10,extrapolated,0,52.553,39.318,65.788,0.989,0.947,1,Location,S5
861,2,11,extrapolated,0,52.813,38.81,66.816,0.993,0.956,1,Location,S5
862,2,12,extrapolated,0,52.987,38.312,67.661,0.995,0.963,1,Location,S5
863,2,13,extrapolated,0,53.102,37.84,68.364,0.997,0.968,1,Location,S5
864,2,14,extrapolated,0,53.179,37.403,68.955,0.998,0.973,1,Location,S5
865,2,15,extrapolated,0,53.231,37.003,69.458,0.999,0.976,1,Location,S5
866,2,16,extrapolated,0,53.265,36.641,69.889,0.999,0.979,1,Location,S5
867,2,17,extrapolated,0,53.288,36.315,70.26,0.999,0.982,1,Location,S5
868,2,18,extrapolated,0,53.303,36.023,70.583,1,0.984,1,Location,S5
869,2,19,extrapolated,0,53.313,35.761,70.865,1,0.986,1,Location,S5
870,2,20,extrapolated,0,53.32,35.528,71.111,1,0.988,1,Location,S5
871,2,21,extrapolated,0,53.324,35.32,71.328,1,0.989,1,Location,S5
872,2,22,extrapolated,0,53.327,35.136,71.519,1,0.99,1,Location,S5
873,2,23,extrapolated,0,53.329,34.971,71.687,1,0.991,1,Location,S5
874,2,24,extrapolated,0,53.331,34.825,71.836,1,0.992,1,Location,S5
875,2,25,extrapolated,0,53.332,34.695,71.968,1,0.993,1,Location,S5
876,2,26,extrapolated,0,53.332,34.58,72.085,1,0.994,1,Location,S5
877,2,27,extrapolated,0,53.333,34.477,72.188,1,0.995,1,Location,S5
878,2,28,extrapolated,0,53.333,34.386,72.28,1,0.995,1,Location,S5
879,2,29,extrapolated,0,53.333,34.305,72.361,1,0.996,1,Location,S5
880,2,30,extrapolated,0,53.333,34.233,72.433,1,0.996,1,Location,S5
881,2,31,extrapolated,0,53.333,34.169,72.498,1,0.997,1,Location,S5
882,2,32,extrapolated,0,53.333,34.112,72.555,1,0.997,1,Location,S5
883,2,33,extrapolated,0,53.333,34.061,72.605,1,0.997,1,Location,S5
884,2,34,extrapolated,0,53.333,34.016,72.65,1,0.998,1,Location,S5
885,2,35,extrapolated,0,53.333,33.977,72.69,1,0.998,1,Location,S5
886,2,36,extrapolated,0,53.333,33.941,72.726,1,0.998,1,Location,S5
887,2,37,extrapolated,0,53.333,33.91,72.757,1,0.998,1,Location,S5
888,2,38,extrapolated,0,53.333,33.882,72.785,1,0.999,1,Location,S5
889,2,39,extrapolated,0,53.333,33.857,72.81,1,0.999,1,Location,S5
890,2,40,extrapolated,0,53.333,33.835,72.832,1,0.999,1,Location,S5
891,2,41,extrapolated,0,53.333,33.815,72.852,1,0.999,1,Location,S5
892,2,42,extrapolated,0,53.333,33.797,72.869,1,0.999,1,Location,S5
893,2,43,extrapolated,0,53.333,33.782,72.885,1,0.999,1,Location,S5
894,2,44,extrapolated,0,53.333,33.768,72.899,1,0.999,1,Location,S5
895,2,45,extrapolated,0,53.333,33.756,72.911,1,0.999,1,Location,S5
896,2,46,extrapolated,0,53.333,33.745,72.922,1,0.999,1,Location,S5
897,2,47,extrapolated,0,53.333,33.735,72.932,1,0.999,1,Location,S5
898,2,48,extrapolated,0,53.333,33.727,72.94,1,1,1,Location,S5
899,2,49,extrapolated,0,53.333,33.719,72.948,1,1,1,Location,S5
900,2,50,extrapolated,0,53.333,33.712,72.955,1,1,1,Location,S5
901,3,1,interpolated,0,23.333,20.442,26.225,0.6,0.52,0.68,Location,S5
902,3,2,interpolated,0,32.667,28.368,36.966,0.729,0.636,0.821,Location,S5
903,3,3,observed,0,39,33.42,44.58,0.816,0.716,0.916,Location,S5
904,3,4,extrapolated,0,43.298,36.244,50.351,0.875,0.776,0.974,Location,S5
905,3,5,extrapolated,0,46.214,37.551,54.877,0.915,0.822,1,Location,S5
906,3,6,extrapolated,0,48.193,37.911,58.474,0.942,0.856,1,Location,S5
907,3,7,extrapolated,0,49.536,37.701,61.37,0.961,0.881,1,Location,S5
908,3,8,extrapolated,0,50.447,37.152,63.742,0.974,0.899,1,Location,S5
909,3,9,extrapolated,0,51.065,36.405,65.725,0.982,0.912,1,Location,S5
910,3,10,extrapolated,0,51.485,35.546,67.423,0.988,0.922,1,Location,S5
911,3,11,extrapolated,0,51.769,34.629,68.91,0.992,0.929,1,Location,S5
912,3,12,extrapolated,0,51.963,33.686,70.239,0.994,0.935,1,Location,S5
913,3,13,extrapolated,0,52.094,32.738,71.449,0.996,0.939,1,Location,S5
914,3,14,extrapolated,0,52.183,31.798,72.567,0.997,0.943,1,Location,S5
915,3,15,extrapolated,0,52.243,30.874,73.612,0.998,0.947,1,Location,S5
916,3,16,extrapolated,0,52.284,29.97,74.598,0.999,0.949,1,Location,S5
917,3,17,extrapolated,0,52.312,29.091,75.533,0.999,0.952,1,Location,S5
918,3,18,extrapolated,0,52.331,28.237,76.424,0.999,0.954,1,Location,S5
919,3,19,extrapolated,0,52.343,27.41,77.277,1,0.956,1,Location,S5
920,3,20,extrapolated,0,52.352,26.611,78.093,1,0.958,1,Location,S5
921,3,21,extrapolated,0,52.358,25.839,78.877,1,0.96,1,Location,S5
922,3,22,extrapolated,0,52.362,25.094,79.63,1,0.962,1,Location,S5
923,3,23,extrapolated,0,52.365,24.376,80.353,1,0.964,1,Location,S5
924,3,24,extrapolated,0,52.366,23.685,81.048,1,0.965,1,Location,S5
925,3,25,extrapolated,0,52.368,23.02,81.716,1,0.967,1,Location,S5
926,3,26,extrapolated,0,52.369,22.38,82.357,1,0.968,1,Location,S5
927,3,27,extrapolated,0,52.369,21.764,82.974,1,0.97,1,Location,S5
928,3,28,extrapolated,0,52.37,21.173,83.566,1,0.971,1,Location,S5
929,3,29,extrapolated,0,52.37,20.605,84.135,1,0.972,1,Location,S5
930,3,30,extrapolated,0,52.37,20.059,84.681,1,0.973,1,Location,S5
931,3,31,extrapolated,0,52.37,19.535,85.205,1,0.975,1,Location,S5
932,3,32,extrapolated,0,52.37,19.032,85.708,1,0.976,1,Location,S5
933,3,33,extrapolated,0,52.37,18.55,86.191,1,0.977,1,Location,S5
934,3,34,extrapolated,0,52.37,18.087,86.654,1,0.978,1,Location,S5
935,3,35,extrapolated,0,52.37,17.643,87.098,1,0.979,1,Location,S5
936,3,36,extrapolated,0,52.37,17.217,87.523,1,0.98,1,Location,S5
937,3,37,extrapolated,0,52.37,16.809,87.932,1,0.981,1,Location,S5
938,3,38,extrapolated,0,52.37,16.418,88.323,1,0.981,1,Location,S5
939,3,39,extrapolated,0,52.37,16.043,88.698,1,0.982,1,Location,S5
940,3,40,extrapolated,0,52.37,15.683,89.057,1,0.983,1,Location,S5
941,3,41,extrapolated,0,52.37,15.339,89.402,1,0.984,1,Location,S5
942,3,42,extrapolated,0,52.37,15.009,89.732,1,0.984,1,Location,S5
943,3,43,extrapolated,0,52.37,14.693,90.048,1,0.985,1,Location,S5
944,3,44,extrapolated,0,52.37,14.39,90.35,1,0.986,1,Location,S5
945,3,45,extrapolated,0,52.37,14.1,90.64,1,0.986,1,Location,S5
946,3,46,extrapolated,0,52.37,13.823,90.918,1,0.987,1,Location,S5
947,3,47,extrapolated,0,52.37,13.557,91.184,1,0.988,1,Location,S5
948,3,48,extrapolated,0,52.37,13.302,91.439,1,0.988,1,Location,S5
949,3,49,extrapolated,0,52.37,13.058,91.683,1,0.989,1,Location,S5
950,3,50,extrapolated,0,52.37,12.825,91.916,1,0.989,1,Location,S5
951,4,1,interpolated,0,20.667,17.766,23.568,0.629,0.543,0.715,Location,S5
952,4,2,interpolated,0,28.333,24.738,31.929,0.823,0.738,0.907,Location,S5
953,4,3,observed,0,32,27.827,36.173,0.915,0.833,0.997,Location,S5
954,4,4,extrapolated,0,33.754,28.794,38.713,0.959,0.888,1,Location,S5
955,4,5,extrapolated,0,34.592,28.767,40.418,0.981,0.922,1,Location,S5
956,4,6,extrapolated,0,34.993,28.367,41.619,0.991,0.944,1,Location,S5
957,4,7,extrapolated,0,35.185,27.879,42.492,0.996,0.959,1,Location,S5
958,4,8,extrapolated,0,35.277,27.415,43.139,0.998,0.969,1,Location,S5
959,4,9,extrapolated,0,35.321,27.013,43.629,0.999,0.976,1,Location,S5
960,4,10,extrapolated,0,35.342,26.68,44.004,1,0.981,1,Location,S5
961,4,11,extrapolated,0,35.352,26.41,44.294,1,0.985,1,Location,S5
962,4,12,extrapolated,0,35.357,26.194,44.52,1,0.988,1,Location,S5
963,4,13,extrapolated,0,35.359,26.021,44.697,1,0.991,1,Location,S5
964,4,14,extrapolated,0,35.36,25.884,44.836,1,0.993,1,Location,S5
965,4,15,extrapolated,0,35.361,25.775,44.946,1,0.994,1,Location,S5
966,4,16,extrapolated,0,35.361,25.689,45.033,1,0.995,1,Location,S5
967,4,17,extrapolated,0,35.361,25.62,45.102,1,0.996,1,Location,S5
968,4,18,extrapolated,0,35.361,25.565,45.157,1,0.997,1,Location,S5
969,4,19,extrapolated,0,35.361,25.521,45.201,1,0.997,1,Location,S5
970,4,20,extrapolated,0,35.361,25.486,45.236,1,0.998,1,Location,S5
971,4,21,extrapolated,0,35.361,25.458,45.265,1,0.998,1,Location,S5
972,4,22,extrapolated,0,35.361,25.435,45.287,1,0.999,1,Location,S5
973,4,23,extrapolated,0,35.361,25.417,45.305,1,0.999,1,Location,S5
974,4,24,extrapolated,0,35.361,25.402,45.32,1,0.999,1,Location,S5
975,4,25,extrapolated,0,35.361,25.39,45.332,1,0.999,1,Location,S5
976,4,26,extrapolated,0,35.361,25.381,45.341,1,0.999,1,Location,S5
977,4,27,extrapolated,0,35.361,25.373,45.349,1,0.999,1,Location,S5
978,4,28,extrapolated,0,35.361,25.367,45.355,1,1,1,Location,S5
979,4,29,extrapolated,0,35.361,25.362,45.36,1,1,1,Location,S5
980,4,30,extrapolated,0,35.361,25.358,45.364,1,1,1,Location,S5
981,4,31,extrapolated,0,35.361,25.354,45.368,1,1,1,Location,S5
982,4,32,extrapolated,0,35.361,25.352,45.37,1,1,1,Location,S5
983,4,33,extrapolated,0,35.361,25.35,45.373,1,1,1,Location,S5
984,4,34,extrapolated,0,35.361,25.348,45.374,1,1,1,Location,S5
985,4,35,extrapolated,0,35.361,25.346,45.376,1,1,1,Location,S5
986,4,36,extrapolated,0,35.361,25.345,45.377,1,1,1,Location,S5
987,4,37,extrapolated,0,35.361,25.344,45.378,1,1,1,Location,S5
988,4,38,extrapolated,0,35.361,25.343,45.379,1,1,1,Location,S5
989,4,39,extrapolated,0,35.361,25.343,45.38,1,1,1,Location,S5
990,4,40,extrapolated,0,35.361,25.342,45.38,1,1,1,Location,S5
991,4,41,extrapolated,0,35.361,25.342,45.38,1,1,1,Location,S5
992,4,42,extrapolated,0,35.361,25.341,45.381,1,1,1,Location,S5
993,4,43,extrapolated,0,35.361,25.341,45.381,1,1,1,Location,S5
994,4,44,extrapolated,0,35.361,25.341,45.381,1,1,1,Location,S5
995,4,45,extrapolated,0,35.361,25.341,45.382,1,1,1,Location,S5
996,4,46,extrapolated,0,35.361,25.341,45.382,1,1,1,Location,S5
997,4,47,extrapolated,0,35.361,25.34,45.382,1,1,1,Location,S5
998,4,48,extrapolated,0,35.361,25.34,45.382,1,1,1,Location,S5
999,4,49,extrapolated,0,35.361,25.34,45.382,1,1,1,Location,S5
1000,4,50,extrapolated,0,35.361,25.34,45.382,1,1,1,Location,S5
1001,1,1,interpolated,0,27,23.937,30.063,0.667,0.604,0.729,Location,S6
1002,1,2,interpolated,0,36,31.985,40.015,0.815,0.746,0.883,Location,S6
1003,1,3,observed,0,41,36.526,45.474,0.897,0.831,0.964,Location,S6
1004,1,4,extrapolated,0,43.778,38.716,48.84,0.943,0.886,1,Location,S6
1005,1,5,extrapolated,0,45.321,39.581,51.061,0.968,0.921,1,Location,S6
1006,1,6,extrapolated,0,46.178,39.794,52.562,0.982,0.945,1,Location,S6
1007,1,7,extrapolated,0,46.655,39.716,53.593,0.99,0.96,1,Location,S6
1008,1,8,extrapolated,0,46.919,39.525,54.314,0.995,0.97,1,Location,S6
1009,1,9,extrapolated,0,47.066,39.306,54.827,0.997,0.978,1,Location,S6
1010,1,10,extrapolated,0,47.148,39.097,55.199,0.998,0.983,1,Location,S6
1011,1,11,extrapolated,0,47.193,38.913,55.473,0.999,0.987,1,Location,S6
1012,1,12,extrapolated,0,47.218,38.758,55.679,0.999,0.99,1,Location,S6
1013,1,13,extrapolated,0,47.232,38.63,55.835,1,0.992,1,Location,S6
1014,1,14,extrapolated,0,47.24,38.526,55.955,1,0.993,1,Location,S6
1015,1,15,extrapolated,0,47.245,38.442,56.048,1,0.995,1,Location,S6
1016,1,16,extrapolated,0,47.247,38.374,56.12,1,0.996,1,Location,S6
1017,1,17,extrapolated,0,47.248,38.32,56.176,1,0.997,1,Location,S6
1018,1,18,extrapolated,0,47.249,38.277,56.221,1,0.997,1,Location,S6
1019,1,19,extrapolated,0,47.249,38.242,56.256,1,0.998,1,Location,S6
1020,1,20,extrapolated,0,47.25,38.215,56.285,1,0.998,1,Location,S6
1021,1,21,extrapolated,0,47.25,38.193,56.307,1,0.998,1,Location,S6
1022,1,22,extrapolated,0,47.25,38.175,56.325,1,0.999,1,Location,S6
1023,1,23,extrapolated,0,47.25,38.161,56.339,1,0.999,1,Location,S6
1024,1,24,extrapolated,0,47.25,38.149,56.351,1,0.999,1,Location,S6
1025,1,25,extrapolated,0,47.25,38.14,56.36,1,0.999,1,Location,S6
1026,1,26,extrapolated,0,47.25,38.133,56.367,1,0.999,1,Location,S6
1027,1,27,extrapolated,0,47.25,38.127,56.373,1,1,1,Location,S6
1028,1,28,extrapolated,0,47.25,38.122,56.378,1,1,1,Location,S6
1029,1,29,extrapolated,0,47.25,38.118,56.382,1,1,1,Location,S6
1030,1,30,extrapolated,0,47.25,38.115,56.385,1,1,1,Location,S6
1031,1,31,extrapolated,0,47.25,38.112,56.388,1,1,1,Location,S6
1032,1,32,extrapolated,0,47.25,38.11,56.39,1,1,1,Location,S6
1033,1,33,extrapolated,0,47.25,38.109,56.391,1,1,1,Location,S6
1034,1,34,extrapolated,0,47.25,38.107,56.393,1,1,1,Location,S6
1035,1,35,extrapolated,0,47.25,38.106,56.394,1,1,1,Location,S6
1036,1,36,extrapolated,0,47.25,38.105,56.395,1,1,1,Location,S6
1037,1,37,extrapolated,0,47.25,38.105,56.395,1,1,1,Location,S6
1038,1,38,extrapolated,0,47.25,38.104,56.396,1,1,1,Location,S6
1039,1,39,extrapolated,0,47.25,38.103,56.397,1,1,1,Location,S6
1040,1,40,extrapolated,0,47.25,38.103,56.397,1,1,1,Location,S6
1041,1,41,extrapolated,0,47.25,38.103,56.397,1,1,1,Location,S6
1042,1,42,extrapolated,0,47.25,38.102,56.398,1,1,1,Location,S6
1043,1,43,extrapolated,0,47.25,38.102,56.398,1,1,1,Location,S6
1044,1,44,extrapolated,0,47.25,38.102,56.398,1,1,1,Location,S6
1045,1,45,extrapolated,0,47.25,38.102,56.398,1,1,1,Location,S6
1046,1,46,extrapolated,0,47.25,38.102,56.398,1,1,1,Location,S6
1047,1,47,extrapolated,0,47.25,38.102,56.398,1,1,1,Location,S6
1048,1,48,extrapolated,0,47.25,38.102,56.398,1,1,1,Location,S6
1049,1,49,extrapolated,0,47.25,38.102,56.398,1,1,1,Location,S6
1050,1,50,extrapolated,0,47.25,38.101,56.399,1,1,1,Location,S6
1051,2,1,interpolated,0,33.667,30.919,36.414,0.822,0.776,0.868,Location,S6
1052,2,2,interpolated,0,39.667,35.567,43.766,0.871,0.824,0.918,Location,S6
1053,2,3,observed,0,44,38.716,49.284,0.907,0.857,0.957,Location,S6
1054,2,4,extrapolated,0,47.13,40.675,53.584,0.933,0.883,0.982,Location,S6
1055,2,5,extrapolated,0,49.39,41.756,57.024,0.952,0.905,0.998,Location,S6
1056,2,6,extrapolated,0,51.022,42.236,59.809,0.965,0.922,1,Location,S6
1057,2,7,extrapolated,0,52.201,42.329,62.074,0.975,0.936,1,Location,S6
1058,2,8,extrapolated,0,53.053,42.182,63.924,0.982,0.947,1,Location,S6
1059,2,9,extrapolated,0,53.668,41.894,65.441,0.987,0.956,1,Location,S6
1060,2,10,extrapolated,0,54.112,41.532,66.692,0.99,0.963,1,Location,S6
1061,2,11,extrapolated,0,54.433,41.138,67.728,0.993,0.969,1,Location,S6
1062,2,12,extrapolated,0,54.664,40.738,68.591,0.995,0.974,1,Location,S6
1063,2,13,extrapolated,0,54.832,40.349,69.314,0.996,0.977,1,Location,S6
1064,2,14,extrapolated,0,54.952,39.981,69.924,0.997,0.981,1,Location,S6
1065,2,15,extrapolated,0,55.04,39.638,70.441,0.998,0.983,1,Location,S6
1066,2,16,extrapolated,0,55.103,39.324,70.882,0.999,0.986,1,Location,S6
1067,2,17,extrapolated,0,55.148,39.038,71.259,0.999,0.987,1,Location,S6
1068,2,18,extrapolated,0,55.181,38.779,71.583,0.999,0.989,1,Location,S6
1069,2,19,extrapolated,0,55.205,38.547,71.863,0.999,0.99,1,Location,S6
1070,2,20,extrapolated,0,55.222,38.339,72.105,1,0.991,1,Location,S6
1071,2,21,extrapolated,0,55.234,38.153,72.316,1,0.992,1,Location,S6
1072,2,22,extrapolated,0,55.243,37.988,72.499,1,0.993,1,Location,S6
1073,2,23,extrapolated,0,55.25,37.84,72.659,1,0.994,1,Location,S6
1074,2,24,extrapolated,0,55.255,37.709,72.8,1,0.995,1,Location,S6
1075,2,25,extrapolated,0,55.258,37.593,72.923,1,0.995,1,Location,S6
1076,2,26,extrapolated,0,55.26,37.49,73.031,1,0.996,1,Location,S6
1077,2,27,extrapolated,0,55.262,37.399,73.126,1,0.996,1,Location,S6
1078,2,28,extrapolated,0,55.263,37.317,73.209,1,0.997,1,Location,S6
1079,2,29,extrapolated,0,55.264,37.246,73.283,1,0.997,1,Location,S6
1080,2,30,extrapolated,0,55.265,37.182,73.348,1,0.997,1,Location,S6
1081,2,31,extrapolated,0,55.265,37.125,73.406,1,0.998,1,Location,S6
1082,2,32,extrapolated,0,55.266,37.075,73.456,1,0.998,1,Location,S6
1083,2,33,extrapolated,0,55.266,37.031,73.502,1,0.998,1,Location,S6
1084,2,34,extrapolated,0,55.266,36.991,73.541,1,0.998,1,Location,S6
1085,2,35,extrapolated,0,55.266,36.956,73.577,1,0.998,1,Location,S6
1086,2,36,extrapolated,0,55.266,36.925,73.608,1,0.999,1,Location,S6
1087,2,37,extrapolated,0,55.266,36.897,73.636,1,0.999,1,Location,S6
1088,2,38,extrapolated,0,55.267,36.873,73.66,1,0.999,1,Location,S6
1089,2,39,extrapolated,0,55.267,36.851,73.682,1,0.999,1,Location,S6
1090,2,40,extrapolated,0,55.267,36.831,73.702,1,0.999,1,Location,S6
1091,2,41,extrapolated,0,55.267,36.814,73.719,1,0.999,1,Location,S6
1092,2,42,extrapolated,0,55.267,36.799,73.735,1,0.999,1,Location,S6
1093,2,43,extrapolated,0,55.267,36.785,73.748,1,0.999,1,Location,S6
1094,2,44,extrapolated,0,55.267,36.773,73.76,1,0.999,1,Location,S6
1095,2,45,extrapolated,0,55.267,36.762,73.771,1,0.999,1,Location,S6
1096,2,46,extrapolated,0,55.267,36.752,73.781,1,1,1,Location,S6
1097,2,47,extrapolated,0,55.267,36.744,73.79,1,1,1,Location,S6
1098,2,48,extrapolated,0,55.267,36.736,73.797,1,1,1,Location,S6
1099,2,49,extrapolated,0,55.267,36.729,73.804,1,1,1,Location,S6
1100,2,50,extrapolated,0,55.267,36.723,73.81,1,1,1,Location,S6
1101,3,1,interpolated,0,32.667,29.807,35.526,0.745,0.699,0.791,Location,S6
1102,3,2,interpolated,0,41,37.346,44.654,0.847,0.796,0.898,Location,S6
1103,3,3,observed,0,46,41.52,50.48,0.908,0.857,0.96,Location,S6
1104,3,4,extrapolated,0,49,43.525,54.475,0.945,0.9,0.99,Location,S6
1105,3,5,extrapolated,0,50.8,44.326,57.274,0.967,0.93,1,Location,S6
1106,3,6,extrapolated,0,51.88,44.53,59.23,0.98,0.951,1,Location,S6
1107,3,7,extrapolated,0,52.528,44.46,60.596,0.988,0.965,1,Location,S6
1108,3,8,extrapolated,0,52.917,44.28,61.554,0.993,0.975,1,Location,S6
1109,3,9,extrapolated,0,53.15,44.071,62.229,0.996,0.982,1,Location,S6
1110,3,10,extrapolated,0,53.29,43.871,62.709,0.997,0.986,1,Location,S6
1111,3,11,extrapolated,0,53.374,43.694,63.054,0.998,0.99,1,Location,S6
1112,3,12,extrapolated,0,53.424,43.546,63.303,0.999,0.992,1,Location,S6
1113,3,13,extrapolated,0,53.455,43.424,63.486,0.999,0.994,1,Location,S6
1114,3,14,extrapolated,0,53.473,43.326,63.62,1,0.996,1,Location,S6
1115,3,15,extrapolated,0,53.484,43.248,63.72,1,0.997,1,Location,S6
1116,3,16,extrapolated,0,53.49,43.186,63.794,1,0.997,1,Location,S6
1117,3,17,extrapolated,0,53.494,43.138,63.85,1,0.998,1,Location,S6
1118,3,18,extrapolated,0,53.496,43.1,63.893,1,0.998,1,Location,S6
1119,3,19,extrapolated,0,53.498,43.071,63.925,1,0.999,1,Location,S6
1120,3,20,extrapolated,0,53.499,43.048,63.95,1,0.999,1,Location,S6
1121,3,21,extrapolated,0,53.499,43.03,63.968,1,0.999,1,Location,S6
1122,3,22,extrapolated,0,53.5,43.016,63.983,1,0.999,1,Location,S6
1123,3,23,extrapolated,0,53.5,43.006,63.994,1,1,1,Location,S6
1124,3,24,extrapolated,0,53.5,42.997,64.002,1,1,1,Location,S6
1125,3,25,extrapolated,0,53.5,42.991,64.009,1,1,1,Location,S6
1126,3,26,extrapolated,0,53.5,42.986,64.014,1,1,1,Location,S6
1127,3,27,extrapolated,0,53.5,42.982,64.018,1,1,1,Location,S6
1128,3,28,extrapolated,0,53.5,42.979,64.021,1,1,1,Location,S6
1129,3,29,extrapolated,0,53.5,42.977,64.023,1,1,1,Location,S6
1130,3,30,extrapolated,0,53.5,42.975,64.025,1,1,1,Location,S6
1131,3,31,extrapolated,0,53.5,42.973,64.027,1,1,1,Location,S6
1132,3,32,extrapolated,0,53.5,42.972,64.028,1,1,1,Location,S6
1133,3,33,extrapolated,0,53.5,42.971,64.029,1,1,1,Location,S6
1134,3,34,extrapolated,0,53.5,42.971,64.029,1,1,1,Location,S6
1135,3,35,extrapolated,0,53.5,42.97,64.03,1,1,1,Location,S6
1136,3,36,extrapolated,0,53.5,42.97,64.03,1,1,1,Location,S6
1137,3,37,extrapolated,0,53.5,42.969,64.031,1,1,1,Location,S6
1138,3,38,extrapolated,0,53.5,42.969,64.031,1,1,1,Location,S6
1139,3,39,extrapolated,0,53.5,42.969,64.031,1,1,1,Location,S6
1140,3,40,extrapolated,0,53.5,42.969,64.031,1,1,1,Location,S6
1141,3,41,extrapolated,0,53.5,42.968,64.032,1,1,1,Location,S6
1142,3,42,extrapolated,0,53.5,42.968,64.032,1,1,1,Location,S6
1143,3,43,extrapolated,0,53.5,42.968,64.032,1,1,1,Location,S6
1144,3,44,extrapolated,0,53.5,42.968,64.032,1,1,1,Location,S6
1145,3,45,extrapolated,0,53.5,42.968,64.032,1,1,1,Location,S6
1146,3,46,extrapolated,0,53.5,42.968,64.032,1,1,1,Location,S6
1147,3,47,extrapolated,0,53.5,42.968,64.032,1,1,1,Location,S6
1148,3,48,extrapolated,0,53.5,42.968,64.032,1,1,1,Location,S6
1149,3,49,extrapolated,0,53.5,42.968,64.032,1,1,1,Location,S6
1150,3,50,extrapolated,0,53.5,42.968,64.032,1,1,1,Location,S6
1151,4,1,interpolated,0,33.667,31.083,36.251,0.723,0.674,0.772,Location,S6
1152,4,2,interpolated,0,43,39.596,46.404,0.851,0.8,0.903,Location,S6
1153,4,3,observed,0,48,43.717,52.283,0.92,0.87,0.971,Location,S6
1154,4,4,extrapolated,0,50.679,45.308,56.05,0.957,0.914,1,Location,S6
1155,4,5,extrapolated,0,52.114,45.664,58.563,0.977,0.943,1,Location,S6
1156,4,6,extrapolated,0,52.882,45.51,60.255,0.988,0.961,1,Location,S6
1157,4,7,extrapolated,0,53.294,45.186,61.402,0.993,0.974,1,Location,S6
1158,4,8,extrapolated,0,53.515,44.842,62.188,0.996,0.982,1,Location,S6
1159,4,9,extrapolated,0,53.633,44.534,62.732,0.998,0.987,1,Location,S6
1160,4,10,extrapolated,0,53.696,44.28,63.112,0.999,0.991,1,Location,S6
1161,4,11,extrapolated,0,53.73,44.079,63.381,0.999,0.993,1,Location,S6
1162,4,12,extrapolated,0,53.748,43.924,63.573,1,0.995,1,Location,S6
1163,4,13,extrapolated,0,53.758,43.805,63.711,1,0.996,1,Location,S6
1164,4,14,extrapolated,0,53.763,43.716,63.81,1,0.997,1,Location,S6
1165,4,15,extrapolated,0,53.766,43.649,63.883,1,0.998,1,Location,S6
1166,4,16,extrapolated,0,53.768,43.599,63.936,1,0.999,1,Location,S6
1167,4,17,extrapolated,0,53.768,43.562,63.975,1,0.999,1,Location,S6
1168,4,18,extrapolated,0,53.769,43.534,64.004,1,0.999,1,Location,S6
1169,4,19,extrapolated,0,53.769,43.513,64.025,1,0.999,1,Location,S6
1170,4,20,extrapolated,0,53.769,43.498,64.041,1,1,1,Location,S6
1171,4,21,extrapolated,0,53.769,43.486,64.052,1,1,1,Location,S6
1172,4,22,extrapolated,0,53.769,43.478,64.061,1,1,1,Location,S6
1173,4,23,extrapolated,0,53.769,43.471,64.067,1,1,1,Location,S6
1174,4,24,extrapolated,0,53.769,43.466,64.072,1,1,1,Location,S6
1175,4,25,extrapolated,0,53.769,43.463,64.076,1,1,1,Location,S6
1176,4,26,extrapolated,0,53.769,43.46,64.078,1,1,1,Location,S6
1177,4,27,extrapolated,0,53.769,43.458,64.08,1,1,1,Location,S6
1178,4,28,extrapolated,0,53.769,43.457,64.082,1,1,1,Location,S6
1179,4,29,extrapolated,0,53.769,43.455,64.083,1,1,1,Location,S6
1180,4,30,extrapolated,0,53.769,43.455,64.084,1,1,1,Location,S6
1181,4,31,extrapolated,0,53.769,43.454,64.085,1,1,1,Location,S6
1182,4,32,extrapolated,0,53.769,43.453,64.085,1,1,1,Location,S6
1183,4,33,extrapolated,0,53.769,43.453,64.085,1,1,1,Location,S6
1184,4,34,extrapolated,0,53.769,43.453,64.086,1,1,1,Location,S6
1185,4,35,extrapolated,0,53.769,43.453,64.086,1,1,1,Location,S6
1186,4,36,extrapolated,0,53.769,43.452,64.086,1,1,1,Location,S6
1187,4,37,extrapolated,0,53.769,43.452,64.086,1,1,1,Location,S6
1188,4,38,extrapolated,0,53.769,43.452,64.086,1,1,1,Location,S6
1189,4,39,extrapolated,0,53.769,43.452,64.086,1,1,1,Location,S6
1190,4,40,extrapolated,0,53.769,43.452,64.086,1,1,1,Location,S6
1191,4,41,extrapolated,0,53.769,43.452,64.086,1,1,1,Location,S6
1192,4,42,extrapolated,0,53.769,43.452,64.086,1,1,1,Location,S6
1193,4,43,extrapolated,0,53.769,43.452,64.086,1,1,1,Location,S6
1194,4,44,extrapolated,0,53.769,43.452,64.086,1,1,1,Location,S6
1195,4,45,extrapolated,0,53.769,43.452,64.086,1,1,1,Location,S6
1196,4,46,extrapolated,0,53.769,43.452,64.086,1,1,1,Location,S6
1197,4,47,extrapolated,0,53.769,43.452,64.086,1,1,1,Location,S6
1198,4,48,extrapolated,0,53.769,43.452,64.086,1,1,1,Location,S6
1199,4,49,extrapolated,0,53.769,43.452,64.086,1,1,1,Location,S6
1200,4,50,extrapolated,0,53.769,43.452,64.086,1,1,1,Location,S6
1201,1,1,interpolated,0,39.667,36.604,42.729,0.739,0.7,0.779,Location,S7
1202,1,2,interpolated,0,50,46.54,53.46,0.874,0.827,0.921,Location,S7
1203,1,3,observed,0,55,51.302,58.698,0.939,0.894,0.984,Location,S7
1204,1,4,extrapolated,0,57.419,53.002,61.836,0.97,0.933,1,Location,S7
1205,1,5,extrapolated,0,58.59,53.291,63.889,0.986,0.957,1,Location,S7
1206,1,6,extrapolated,0,59.156,53.067,65.246,0.993,0.971,1,Location,S7
1207,1,7,extrapolated,0,59.431,52.71,66.151,0.997,0.98,1,Location,S7
1208,1,8,extrapolated,0,59.563,52.363,66.763,0.998,0.986,1,Location,S7
1209,1,9,extrapolated,0,59.627,52.07,67.185,0.999,0.99,1,Location,S7
1210,1,10,extrapolated,0,59.658,51.837,67.479,1,0.993,1,Location,S7
1211,1,11,extrapolated,0,59.673,51.659,67.688,1,0.995,1,Location,S7
1212,1,12,extrapolated,0,59.681,51.524,67.837,1,0.996,1,Location,S7
1213,1,13,extrapolated,0,59.684,51.424,67.944,1,0.997,1,Location,S7
1214,1,14,extrapolated,0,59.686,51.349,68.022,1,0.998,1,Location,S7
1215,1,15,extrapolated,0,59.687,51.294,68.079,1,0.998,1,Location,S7
1216,1,16,extrapolated,0,59.687,51.253,68.121,1,0.999,1,Location,S7
1217,1,17,extrapolated,0,59.687,51.223,68.151,1,0.999,1,Location,S7
1218,1,18,extrapolated,0,59.687,51.201,68.174,1,0.999,1,Location,S7
1219,1,19,extrapolated,0,59.687,51.184,68.191,1,0.999,1,Location,S7
1220,1,20,extrapolated,0,59.687,51.172,68.203,1,1,1,Location,S7
1221,1,21,extrapolated,0,59.687,51.163,68.212,1,1,1,Location,S7
1222,1,22,extrapolated,0,59.687,51.156,68.219,1,1,1,Location,S7
1223,1,23,extrapolated,0,59.687,51.151,68.224,1,1,1,Location,S7
1224,1,24,extrapolated,0,59.687,51.147,68.228,1,1,1,Location,S7
1225,1,25,extrapolated,0,59.687,51.144,68.231,1,1,1,Location,S7
1226,1,26,extrapolated,0,59.687,51.142,68.233,1,1,1,Location,S7
1227,1,27,extrapolated,0,59.687,51.141,68.234,1,1,1,Location,S7
1228,1,28,extrapolated,0,59.687,51.14,68.235,1,1,1,Location,S7
1229,1,29,extrapolated,0,59.687,51.139,68.236,1,1,1,Location,S7
1230,1,30,extrapolated,0,59.687,51.138,68.237,1,1,1,Location,S7
1231,1,31,extrapolated,0,59.687,51.138,68.237,1,1,1,Location,S7
1232,1,32,extrapolated,0,59.687,51.137,68.238,1,1,1,Location,S7
1233,1,33,extrapolated,0,59.687,51.137,68.238,1,1,1,Location,S7
1234,1,34,extrapolated,0,59.687,51.137,68.238,1,1,1,Location,S7
1235,1,35,extrapolated,0,59.687,51.137,68.238,1,1,1,Location,S7
1236,1,36,extrapolated,0,59.687,51.136,68.239,1,1,1,Location,S7
1237,1,37,extrapolated,0,59.687,51.136,68.239,1,1,1,Location,S7
1238,1,38,extrapolated,0,59.687,51.136,68.239,1,1,1,Location,S7
1239,1,39,extrapolated,0,59.687,51.136,68.239,1,1,1,Location,S7
1240,1,40,extrapolated,0,59.687,51.136,68.239,1,1,1,Location,S7
1241,1,41,extrapolated,0,59.687,51.136,68.239,1,1,1,Location,S7
1242,1,42,extrapolated,0,59.687,51.136,68.239,1,1,1,Location,S7
1243,1,43,extrapolated,0,59.687,51.136,68.239,1,1,1,Location,S7
1244,1,44,extrapolated,0,59.687,51.136,68.239,1,1,1,Location,S7
1245,1,45,extrapolated,0,59.687,51.136,68.239,1,1,1,Location,S7
1246,1,46,extrapolated,0,59.687,51.136,68.239,1,1,1,Location,S7
1247,1,47,extrapolated,0,59.687,51.136,68.239,1,1,1,Location,S7
1248,1,48,extrapolated,0,59.687,51.136,68.239,1,1,1,Location,S7
1249,1,49,extrapolated,0,59.687,51.136,68.239,1,1,1,Location,S7
1250,1,50,extrapolated,0,59.687,51.136,68.239,1,1,1,Location,S7
1251,2,1,interpolated,0,39,36.226,41.774,0.812,0.769,0.855,Location,S7
1252,2,2,interpolated,0,46.333,43.039,49.628,0.906,0.865,0.947,Location,S7
1253,2,3,observed,0,50,46.306,53.694,0.953,0.917,0.989,Location,S7
1254,2,4,extrapolated,0,51.833,47.593,56.073,0.976,0.948,1,Location,S7
1255,2,5,extrapolated,0,52.75,47.941,57.559,0.988,0.966,1,Location,S7
1256,2,6,extrapolated,0,53.208,47.902,58.515,0.994,0.978,1,Location,S7
1257,2,7,extrapolated,0,53.438,47.733,59.142,0.997,0.985,1,Location,S7
1258,2,8,extrapolated,0,53.552,47.542,59.562,0.999,0.99,1,Location,S7
1259,2,9,extrapolated,0,53.609,47.369,59.849,0.999,0.993,1,Location,S7
1260,2,10,extrapolated,0,53.638,47.227,60.049,1,0.995,1,Location,S7
1261,2,11,extrapolated,0,53.652,47.116,60.189,1,0.996,1,Location,S7
1262,2,12,extrapolated,0,53.66,47.031,60.288,1,0.997,1,Location,S7
1263,2,13,extrapolated,0,53.663,46.967,60.359,1,0.998,1,Location,S7
1264,2,14,extrapolated,0,53.665,46.919,60.41,1,0.999,1,Location,S7
1265,2,15,extrapolated,0,53.666,46.884,60.447,1,0.999,1,Location,S7
1266,2,16,extrapolated,0,53.666,46.858,60.474,1,0.999,1,Location,S7
1267,2,17,extrapolated,0,53.666,46.839,60.494,1,0.999,1,Location,S7
1268,2,18,extrapolated,0,53.667,46.825,60.508,1,1,1,Location,S7
1269,2,19,extrapolated,0,53.667,46.815,60.518,1,1,1,Location,S7
1270,2,20,extrapolated,0,53.667,46.807,60.526,1,1,1,Location,S7
1271,2,21,extrapolated,0,53.667,46.802,60.531,1,1,1,Location,S7
1272,2,22,extrapolated,0,53.667,46.798,60.535,1,1,1,Location,S7
1273,2,23,extrapolated,0,53.667,46.795,60.538,1,1,1,Location,S7
1274,2,24,extrapolated,0,53.667,46.793,60.541,1,1,1,Location,S7
1275,2,25,extrapolated,0,53.667,46.791,60.542,1,1,1,Location,S7
1276,2,26,extrapolated,0,53.667,46.79,60.543,1,1,1,Location,S7
1277,2,27,extrapolated,0,53.667,46.789,60.544,1,1,1,Location,S7
1278,2,28,extrapolated,0,53.667,46.788,60.545,1,1,1,Location,S7
1279,2,29,extrapolated,0,53.667,46.788,60.545,1,1,1,Location,S7
1280,2,30,extrapolated,0,53.667,46.788,60.546,1,1,1,Location,S7
1281,2,31,extrapolated,0,53.667,46.787,60.546,1,1,1,Location,S7
1282,2,32,extrapolated,0,53.667,46.787,60.546,1,1,1,Location,S7
1283,2,33,extrapolated,0,53.667,46.787,60.546,1,1,1,Location,S7
1284,2,34,extrapolated,0,53.667,46.787,60.546,1,1,1,Location,S7
1285,2,35,extrapolated,0,53.667,46.787,60.546,1,1,1,Location,S7
1286,2,36,extrapolated,0,53.667,46.787,60.547,1,1,1,Location,S7
1287,2,37,extrapolated,0,53.667,46.787,60.547,1,1,1,Location,S7
1288,2,38,extrapolated,0,53.667,46.787,60.547,1,1,1,Location,S7
1289,2,39,extrapolated,0,53.667,46.787,60.547,1,1,1,Location,S7
1290,2,40,extrapolated,0,53.667,46.787,60.547,1,1,1,Location,S7
1291,2,41,extrapolated,0,53.667,46.787,60.547,1,1,1,Location,S7
1292,2,42,extrapolated,0,53.667,46.787,60.547,1,1,1,Location,S7
1293,2,43,extrapolated,0,53.667,46.787,60.547,1,1,1,Location,S7
1294,2,44,extrapolated,0,53.667,46.787,60.547,1,1,1,Location,S7
1295,2,45,extrapolated,0,53.667,46.787,60.547,1,1,1,Location,S7
1296,2,46,extrapolated,0,53.667,46.787,60.547,1,1,1,Location,S7
1297,2,47,extrapolated,0,53.667,46.787,60.547,1,1,1,Location,S7
1298,2,48,extrapolated,0,53.667,46.787,60.547,1,1,1,Location,S7
1299,2,49,extrapolated,0,53.667,46.787,60.547,1,1,1,Location,S7
1300,2,50,extrapolated,0,53.667,46.787,60.547,1,1,1,Location,S7
1301,3,1,interpolated,0,42.667,39.134,46.199,0.766,0.734,0.797,Location,S7
1302,3,2,interpolated,0,52.667,48.609,56.725,0.875,0.833,0.917,Location,S7
1303,3,3,observed,0,58,53.622,62.378,0.933,0.889,0.977,Location,S7
1304,3,4,extrapolated,0,60.844,55.68,66.009,0.964,0.927,1,Location,S7
1305,3,5,extrapolated,0,62.361,56.208,68.515,0.981,0.952,1,Location,S7
1306,3,6,extrapolated,0,63.171,56.101,70.24,0.99,0.967,1,Location,S7
1307,3,7,extrapolated,0,63.602,55.784,71.42,0.995,0.978,1,Location,S7
1308,3,8,extrapolated,0,63.832,55.435,72.229,0.997,0.985,1,Location,S7
1309,3,9,extrapolated,0,63.955,55.122,72.788,0.998,0.989,1,Location,S7
1310,3,10,extrapolated,0,64.02,54.865,73.176,0.999,0.993,1,Location,S7
1311,3,11,extrapolated,0,64.055,54.663,73.448,1,0.995,1,Location,S7
1312,3,12,extrapolated,0,64.074,54.508,73.64,1,0.996,1,Location,S7
1313,3,13,extrapolated,0,64.084,54.392,73.775,1,0.997,1,Location,S7
1314,3,14,extrapolated,0,64.089,54.306,73.872,1,0.998,1,Location,S7
1315,3,15,extrapolated,0,64.092,54.243,73.941,1,0.999,1,Location,S7
1316,3,16,extrapolated,0,64.094,54.196,73.991,1,0.999,1,Location,S7
1317,3,17,extrapolated,0,64.094,54.162,74.026,1,0.999,1,Location,S7
1318,3,18,extrapolated,0,64.095,54.138,74.052,1,0.999,1,Location,S7
1319,3,19,extrapolated,0,64.095,54.12,74.07,1,1,1,Location,S7
1320,3,20,extrapolated,0,64.095,54.106,74.084,1,1,1,Location,S7
1321,3,21,extrapolated,0,64.095,54.097,74.093,1,1,1,Location,S7
1322,3,22,extrapolated,0,64.095,54.09,74.1,1,1,1,Location,S7
1323,3,23,extrapolated,0,64.095,54.085,74.105,1,1,1,Location,S7
1324,3,24,extrapolated,0,64.095,54.081,74.109,1,1,1,Location,S7
1325,3,25,extrapolated,0,64.095,54.079,74.112,1,1,1,Location,S7
1326,3,26,extrapolated,0,64.095,54.077,74.114,1,1,1,Location,S7
1327,3,27,extrapolated,0,64.095,54.076,74.115,1,1,1,Location,S7
1328,3,28,extrapolated,0,64.095,54.074,74.116,1,1,1,Location,S7
1329,3,29,extrapolated,0,64.095,54.074,74.117,1,1,1,Location,S7
1330,3,30,extrapolated,0,64.095,54.073,74.117,1,1,1,Location,S7
1331,3,31,extrapolated,0,64.095,54.073,74.118,1,1,1,Location,S7
1332,3,32,extrapolated,0,64.095,54.073,74.118,1,1,1,Location,S7
1333,3,33,extrapolated,0,64.095,54.072,74.118,1,1,1,Location,S7
1334,3,34,extrapolated,0,64.095,54.072,74.118,1,1,1,Location,S7
1335,3,35,extrapolated,0,64.095,54.072,74.118,1,1,1,Location,S7
1336,3,36,extrapolated,0,64.095,54.072,74.118,1,1,1,Location,S7
1337,3,37,extrapolated,0,64.095,54.072,74.119,1,1,1,Location,S7
1338,3,38,extrapolated,0,64.095,54.072,74.119,1,1,1,Location,S7
1339,3,39,extrapolated,0,64.095,54.072,74.119,1,1,1,Location,S7
1340,3,40,extrapolated,0,64.095,54.072,74.119,1,1,1,Location,S7
1341,3,41,extrapolated,0,64.095,54.072,74.119,1,1,1,Location,S7
1342,3,42,extrapolated,0,64.095,54.072,74.119,1,1,1,Location,S7
1343,3,43,extrapolated,0,64.095,54.072,74.119,1,1,1,Location,S7
1344,3,44,extrapolated,0,64.095,54.072,74.119,1,1,1,Location,S7
1345,3,45,extrapolated,0,64.095,54.072,74.119,1,1,1,Location,S7
1346,3,46,extrapolated,0,64.095,54.072,74.119,1,1,1,Location,S7
1347,3,47,extrapolated,0,64.095,54.072,74.119,1,1,1,Location,S7
1348,3,48,extrapolated,0,64.095,54.072,74.119,1,1,1,Location,S7
1349,3,49,extrapolated,0,64.095,54.072,74.119,1,1,1,Location,S7
1350,3,50,extrapolated,0,64.095,54.072,74.119,1,1,1,Location,S7
1351,4,1,interpolated,0,42,38.798,45.202,0.754,0.703,0.805,Location,S7
1352,4,2,interpolated,0,52.333,48.213,56.453,0.865,0.815,0.915,Location,S7
1353,4,3,observed,0,58,53.361,62.639,0.926,0.88,0.972,Location,S7
1354,4,4,extrapolated,0,61.108,55.689,66.526,0.959,0.923,0.996,Location,S7
1355,4,5,extrapolated,0,62.812,56.552,69.072,0.978,0.95,1,Location,S7
1356,4,6,extrapolated,0,63.746,56.762,70.731,0.988,0.967,1,Location,S7
1357,4,7,extrapolated,0,64.259,56.71,71.808,0.993,0.978,1,Location,S7
1358,4,8,extrapolated,0,64.54,56.57,72.509,0.996,0.985,1,Location,S7
1359,4,9,extrapolated,0,64.694,56.419,72.969,0.998,0.99,1,Location,S7
1360,4,10,extrapolated,0,64.778,56.283,73.273,0.999,0.993,1,Location,S7
1361,4,11,extrapolated,0,64.825,56.172,73.477,0.999,0.995,1,Location,S7
1362,4,12,extrapolated,0,64.85,56.085,73.615,1,0.996,1,Location,S7
1363,4,13,extrapolated,0,64.864,56.018,73.71,1,0.997,1,Location,S7
1364,4,14,extrapolated,0,64.872,55.968,73.775,1,0.998,1,Location,S7
1365,4,15,extrapolated,0,64.876,55.931,73.82,1,0.999,1,Location,S7
1366,4,16,extrapolated,0,64.878,55.904,73.852,1,0.999,1,Location,S7
1367,4,17,extrapolated,0,64.879,55.884,73.875,1,0.999,1,Location,S7
1368,4,18,extrapolated,0,64.88,55.869,73.891,1,0.999,1,Location,S7
1369,4,19,extrapolated,0,64.88,55.858,73.903,1,1,1,Location,S7
1370,4,20,extrapolated,0,64.881,55.85,73.911,1,1,1,Location,S7
1371,4,21,extrapolated,0,64.881,55.844,73.917,1,1,1,Location,S7
1372,4,22,extrapolated,0,64.881,55.84,73.922,1,1,1,Location,S7
1373,4,23,extrapolated,0,64.881,55.837,73.925,1,1,1,Location,S7
1374,4,24,extrapolated,0,64.881,55.835,73.927,1,1,1,Location,S7
1375,4,25,extrapolated,0,64.881,55.833,73.929,1,1,1,Location,S7
1376,4,26,extrapolated,0,64.881,55.832,73.93,1,1,1,Location,S7
1377,4,27,extrapolated,0,64.881,55.831,73.931,1,1,1,Location,S7
1378,4,28,extrapolated,0,64.881,55.83,73.932,1,1,1,Location,S7
1379,4,29,extrapolated,0,64.881,55.829,73.933,1,1,1,Location,S7
1380,4,30,extrapolated,0,64.881,55.829,73.933,1,1,1,Location,S7
1381,4,31,extrapolated,0,64.881,55.829,73.933,1,1,1,Location,S7
1382,4,32,extrapolated,0,64.881,55.828,73.933,1,1,1,Location,S7
1383,4,33,extrapolated,0,64.881,55.828,73.934,1,1,1,Location,S7
1384,4,34,extrapolated,0,64.881,55.828,73.934,1,1,1,Location,S7
1385,4,35,extrapolated,0,64.881,55.828,73.934,1,1,1,Location,S7
1386,4,36,extrapolated,0,64.881,55.828,73.934,1,1,1,Location,S7
1387,4,37,extrapolated,0,64.881,55.828,73.934,1,1,1,Location,S7
1388,4,38,extrapolated,0,64.881,55.828,73.934,1,1,1,Location,S7
1389,4,39,extrapolated,0,64.881,55.828,73.934,1,1,1,Location,S7
1390,4,40,extrapolated,0,64.881,55.828,73.934,1,1,1,Location,S7
1391,4,41,extrapolated,0,64.881,55.828,73.934,1,1,1,Location,S7
1392,4,42,extrapolated,0,64.881,55.828,73.934,1,1,1,Location,S7
1393,4,43,extrapolated,0,64.881,55.828,73.934,1,1,1,Location,S7
1394,4,44,extrapolated,0,64.881,55.828,73.934,1,1,1,Location,S7
1395,4,45,extrapolated,0,64.881,55.828,73.934,1,1,1,Location,S7
1396,4,46,extrapolated,0,64.881,55.828,73.934,1,1,1,Location,S7
1397,4,47,extrapolated,0,64.881,55.828,73.934,1,1,1,Location,S7
1398,4,48,extrapolated,0,64.881,55.828,73.934,1,1,1,Location,S7
1399,4,49,extrapolated,0,64.881,55.828,73.934,1,1,1,Location,S7
1400,4,50,extrapolated,0,64.881,55.828,73.934,1,1,1,Location,S7
