fishcard_12S_all_elas_LA11_1_1,fishcard_12S_all_elas_LA11_1_2,fishcard_12S_all_elas_LA11_1_3,fishcard_12S_all_elas_LA11_2_1,fishcard_12S_all_elas_LA11_2_2,fishcard_12S_all_elas_LA11_2_3,fishcard_12S_all_elas_LA11_3_1,fishcard_12S_all_elas_LA11_3_2,fishcard_12S_all_elas_LA11_3_3,fishcard_12S_all_elas_LA11_4_1,fishcard_12S_all_elas_LA11_4_2,fishcard_12S_all_elas_LA11_4_3,fishcard_12S_all_elas_LA14_1_1,fishcard_12S_all_elas_LA14_1_2,fishcard_12S_all_elas_LA14_1_3,fishcard_12S_all_elas_LA14_2_1,fishcard_12S_all_elas_LA14_2_2,fishcard_12S_all_elas_LA14_2_3,fishcard_12S_all_elas_LA14_3_1,fishcard_12S_all_elas_LA14_3_2,fishcard_12S_all_elas_LA14_3_3,fishcard_12S_all_elas_LA14_4_1,fishcard_12S_all_elas_LA14_4_2,fishcard_12S_all_elas_LA14_4_3,fishcard_12S_all_elas_LA3_1_1,fishcard_12S_all_elas_LA3_1_2,fishcard_12S_all_elas_LA3_1_3,fishcard_12S_all_elas_LA3_2_1,fishcard_12S_all_elas_LA3_2_2,fishcard_12S_all_elas_LA3_2_3,fishcard_12S_all_elas_LA3_3_1,fishcard_12S_all_elas_LA3_3_2,fishcard_12S_all_elas_LA3_3_3,fishcard_12S_all_elas_LA3_4_1,fishcard_12S_all_elas_LA3_4_2,fishcard_12S_all_elas_LA3_4_3,fishcard_12S_all_elas_LA6_1_1,fishcard_12S_all_elas_LA6_1_2,fishcard_12S_all_elas_LA6_1_3,fishcard_12S_all_elas_LA6_2_1,fishcard_12S_all_elas_LA6_2_2,fishcard_12S_all_elas_LA6_2_3,fishcard_12S_all_elas_LA6_3_1,fishcard_12S_all_elas_LA6_3_2,fishcard_12S_all_elas_LA6_3_3,fishcard_12S_all_elas_LA6_4_1,fishcard_12S_all_elas_LA6_4_2,fishcard_12S_all_elas_LA6_4_3,fishcard_12S_all_elas_LB1_0_1,fishcard_12S_all_elas_LB1_0_2,fishcard_12S_all_elas_LB1_0_3,fishcard_12S_all_elas_LB1_1_1,fishcard_12S_all_elas_LB1_1_2,fishcard_12S_all_elas_LB1_1_3,fishcard_12S_all_elas_LB1_2_1,fishcard_12S_all_elas_LB1_2_2,fishcard_12S_all_elas_LB1_2_3,fishcard_12S_all_elas_LB1_3_1,fishcard_12S_all_elas_LB1_3_2,fishcard_12S_all_elas_LB1_3_3,fishcard_12S_all_elas_LB1_4_1,fishcard_12S_all_elas_LB1_4_2,fishcard_12S_all_elas_LB1_4_3,fishcard_12S_all_elas_LB14_1_1,fishcard_12S_all_elas_LB14_1_2,fishcard_12S_all_elas_LB14_1_3,fishcard_12S_all_elas_LB14_2_1,fishcard_12S_all_elas_LB14_2_2,fishcard_12S_all_elas_LB14_2_3,fishcard_12S_all_elas_LB14_3_1,fishcard_12S_all_elas_LB14_3_2,fishcard_12S_all_elas_LB14_3_3,fishcard_12S_all_elas_LB14_4_1,fishcard_12S_all_elas_LB14_4_2,fishcard_12S_all_elas_LB14_4_3,fishcard_12S_all_elas_LB2_1_1,fishcard_12S_all_elas_LB2_1_2,fishcard_12S_all_elas_LB2_1_3,fishcard_12S_all_elas_LB2_2_1,fishcard_12S_all_elas_LB2_2_2,fishcard_12S_all_elas_LB2_2_3,fishcard_12S_all_elas_LB2_3_1,fishcard_12S_all_elas_LB2_3_2,fishcard_12S_all_elas_LB2_3_3,fishcard_12S_all_elas_LB2_4_1,fishcard_12S_all_elas_LB2_4_2,fishcard_12S_all_elas_LB2_4_3,fishcard_12S_all_miu_LA11_1_1,fishcard_12S_all_miu_LA11_1_2,fishcard_12S_all_miu_LA11_1_3,fishcard_12S_all_miu_LA11_2_1,fishcard_12S_all_miu_LA11_2_2,fishcard_12S_all_miu_LA11_2_3,fishcard_12S_all_miu_LA11_3_1,fishcard_12S_all_miu_LA11_3_2,fishcard_12S_all_miu_LA11_3_3,fishcard_12S_all_miu_LA11_4_1,fishcard_12S_all_miu_LA11_4_2,fishcard_12S_all_miu_LA11_4_3,fishcard_12S_all_miu_LA14_1_1,fishcard_12S_all_miu_LA14_1_2,fishcard_12S_all_miu_LA14_1_3,fishcard_12S_all_miu_LA14_2_1,fishcard_12S_all_miu_LA14_2_2,fishcard_12S_all_miu_LA14_2_3,fishcard_12S_all_miu_LA14_3_1,fishcard_12S_all_miu_LA14_3_2,fishcard_12S_all_miu_LA14_3_3,fishcard_12S_all_miu_LA14_4_1,fishcard_12S_all_miu_LA14_4_2,fishcard_12S_all_miu_LA14_4_3,fishcard_12S_all_miu_LA3_1_1,fishcard_12S_all_miu_LA3_1_2,fishcard_12S_all_miu_LA3_1_3,fishcard_12S_all_miu_LA3_2_1,fishcard_12S_all_miu_LA3_2_2,fishcard_12S_all_miu_LA3_2_3,fishcard_12S_all_miu_LA3_3_1,fishcard_12S_all_miu_LA3_3_2,fishcard_12S_all_miu_LA3_3_3,fishcard_12S_all_miu_LA3_4_1,fishcard_12S_all_miu_LA3_4_2,fishcard_12S_all_miu_LA3_4_3,fishcard_12S_all_miu_LA6_1_1,fishcard_12S_all_miu_LA6_1_2,fishcard_12S_all_miu_LA6_1_3,fishcard_12S_all_miu_LA6_2_1,fishcard_12S_all_miu_LA6_2_2,fishcard_12S_all_miu_LA6_2_3,fishcard_12S_all_miu_LA6_3_1,fishcard_12S_all_miu_LA6_3_2,fishcard_12S_all_miu_LA6_3_3,fishcard_12S_all_miu_LA6_4_1,fishcard_12S_all_miu_LA6_4_2,fishcard_12S_all_miu_LA6_4_3,fishcard_12S_all_miu_LB1_0_1,fishcard_12S_all_miu_LB1_0_2,fishcard_12S_all_miu_LB1_0_3,fishcard_12S_all_miu_LB1_1_1,fishcard_12S_all_miu_LB1_1_2,fishcard_12S_all_miu_LB1_1_3,fishcard_12S_all_miu_LB1_2_1,fishcard_12S_all_miu_LB1_2_2,fishcard_12S_all_miu_LB1_2_3,fishcard_12S_all_miu_LB1_3_1,fishcard_12S_all_miu_LB1_3_2,fishcard_12S_all_miu_LB1_3_3,fishcard_12S_all_miu_LB1_4_1,fishcard_12S_all_miu_LB1_4_2,fishcard_12S_all_miu_LB1_4_3,fishcard_12S_all_miu_LB14_1_1,fishcard_12S_all_miu_LB14_1_2,fishcard_12S_all_miu_LB14_1_3,fishcard_12S_all_miu_LB14_2_1,fishcard_12S_all_miu_LB14_2_2,fishcard_12S_all_miu_LB14_2_3,fishcard_12S_all_miu_LB14_3_1,fishcard_12S_all_miu_LB14_3_2,fishcard_12S_all_miu_LB14_3_3,fishcard_12S_all_miu_LB14_4_1,fishcard_12S_all_miu_LB14_4_2,fishcard_12S_all_miu_LB14_4_3,fishcard_12S_all_miu_LB2_1_1,fishcard_12S_all_miu_LB2_1_2,fishcard_12S_all_miu_LB2_1_3,fishcard_12S_all_miu_LB2_2_1,fishcard_12S_all_miu_LB2_2_2,fishcard_12S_all_miu_LB2_2_3,fishcard_12S_all_miu_LB2_3_1,fishcard_12S_all_miu_LB2_3_2,fishcard_12S_all_miu_LB2_3_3,fishcard_12S_all_miu_LB2_4_1,fishcard_12S_all_miu_LB2_4_2,fishcard_12S_all_miu_LB2_4_3,sum.taxonomy
3173,12239,3731,18515,4934,3389,6534,6264,8689,5853,13670,4432,2088,9288,6063,5627,3011,6231,4752,7937,4068,11644,10042,3103,2468,7605,3004,3596,6216,3559,707,991,304,261,766,7314,5608,21340,6895,12958,11329,9433,8616,6849,8883,4735,6956,17527,1801,4095,14,13745,27078,916,6745,10962,35643,11043,14231,12737,2188,14047,17366,7934,25035,23140,12078,24188,19760,9006,32063,37454,30790,44266,27609,2033,33829,1160,8459,1765,11536,2003,13348,22249,22123,9333,1771,13820,31413,8437,8370,15259,36445,23273,17585,10284,31185,27317,11553,11874,4785,4996,4760,13785,12253,27001,30505,40873,13792,14181,40890,24789,52433,23084,33596,21706,30728,35034,28233,20178,13012,5496,10329,48274,106002,32344,82884,82687,78349,93625,29950,28537,37229,37101,35741,10431,11423,3999,17134,23820,47,43732,21606,19102,34524,38752,41382,10945,39654,22024,110195,89589,69830,123567,110062,85508,117147,126370,79959,108760,116053,155779,8691,6526,9362,7047,10957,6250,17156,10222,19928,15855,8366,7770,Eukaryota;Chordata;Actinopteri;Clupeiformes;Engraulidae;Engraulis;Engraulis mordax
0,0,0,0,0,0,0,0,0,0,0,0,3917,7142,129,2022,24,8736,472,3801,8183,7551,1948,15081,2,0,0,0,0,0,0,0,0,0,0,0,806,0,0,1232,0,78,25,729,3,0,5891,0,0,0,0,0,0,0,0,0,3,0,0,0,0,0,0,126,0,0,0,0,0,0,4,0,0,2,160,0,0,0,0,0,0,0,0,0,0,0,0,0,0,0,0,0,0,0,0,58,0,0,0,10,19,78,24,20,73,3055,47,490,556,592,183,0,0,0,0,0,0,0,0,0,0,0,0,0,0,0,3,0,0,0,0,0,0,0,11,0,0,0,0,0,0,0,0,0,0,0,0,0,0,0,0,0,12,0,0,0,0,0,0,0,0,0,0,0,0,0,0,0,0,0,0,0,0,0,Eukaryota;Chordata;Actinopteri;Gobiiformes;Gobiidae;Tridentiger;Tridentiger trigonocephalus
0,0,0,0,0,0,7,0,0,0,0,154,0,0,0,0,0,0,0,0,0,0,0,0,0,0,34,16,0,3,0,0,0,0,0,16,0,0,0,0,0,0,0,2,0,0,0,0,0,0,0,0,0,0,0,0,0,0,0,0,0,0,14,0,0,0,0,0,0,0,0,31,0,0,0,0,0,93,4,4,14,0,0,0,201,0,0,0,0,0,0,0,0,0,0,0,0,0,0,0,0,0,0,0,0,0,0,0,0,0,0,0,0,0,0,0,0,0,0,0,0,0,0,0,0,0,0,0,0,0,0,0,0,0,0,0,0,0,0,0,0,0,0,0,0,0,0,0,0,0,0,0,0,0,0,0,0,0,0,0,0,0,0,0,0,0,0,0,0,0,0,2,0,0,Eukaryota;Chordata;Actinopteri;Batrachoidiformes;Batrachoididae;Porichthys;Porichthys myriaster
0,0,0,0,311,0,0,15,0,18,0,0,0,0,0,0,0,0,0,0,0,0,0,0,36,16,12,408,14,5,0,0,52,0,0,0,0,0,0,0,0,0,0,0,0,227,0,0,0,0,0,0,0,0,0,0,0,0,0,0,0,0,0,0,0,0,0,19,0,0,0,0,0,0,0,0,0,0,0,146,0,179,0,0,0,535,0,0,0,138,0,0,0,99,0,207,0,0,121,33,0,0,0,1325,0,0,0,0,0,0,0,167,11,70,64,0,129,90,440,59,0,291,0,0,0,0,0,0,2681,0,0,0,0,0,0,0,0,0,0,0,0,0,248,0,0,0,0,0,0,0,0,0,0,0,0,0,0,172,0,0,0,5,0,0,0,0,59,0,0,0,0,31,111,0,Eukaryota;Chordata;Actinopteri;Blenniiformes;Clinidae;Heterostichus;Heterostichus rostratus
0,402,0,53,0,18,0,0,0,0,23,7,0,0,0,0,0,0,0,0,0,0,0,0,0,0,0,0,0,0,0,0,0,0,0,0,0,0,0,290,0,0,6,0,0,19,0,0,0,0,0,0,728,0,0,0,0,0,0,0,0,0,0,0,0,0,0,0,0,0,0,0,0,0,0,0,0,0,0,0,0,15,0,369,0,0,1194,0,48,57,15,0,67,0,8,7,73,138,0,0,0,13,0,0,0,0,22,3054,0,34,0,0,6,0,102,325,242,0,10,70,0,0,0,0,1417,0,24,136,98,0,0,76,22,46,63,455,89,0,0,0,0,306,225,104,50,734,0,0,16,1073,0,0,0,0,0,95,0,0,56,0,0,1014,0,0,0,0,0,0,0,33,0,32,64,0,Eukaryota;Chordata;Actinopteri;Scombriformes;Stromateidae;Peprilus;Peprilus simillimus
0,0,0,0,0,0,68,0,0,0,0,0,0,0,0,0,0,0,0,0,0,0,0,0,0,0,0,75,0,0,0,0,0,0,0,0,0,0,0,0,0,0,0,0,0,0,0,0,0,0,0,0,0,0,0,0,0,0,0,0,0,0,0,0,0,0,0,0,0,0,0,0,0,0,0,0,0,0,0,0,0,0,0,0,0,0,317,0,64,0,0,0,0,0,0,0,2038,0,0,0,0,0,0,0,0,0,0,0,0,0,0,0,0,0,0,0,0,0,0,0,0,0,0,0,0,0,0,0,0,0,0,0,0,0,0,0,0,0,0,0,0,0,0,0,0,0,0,0,0,0,0,0,0,0,0,0,0,0,0,0,0,0,0,0,0,0,0,0,0,0,0,19,0,0,Eukaryota;Chordata;Actinopteri;Perciformes;Cottidae;Ruscarius;Ruscarius creaseri
0,0,0,0,0,169,0,13,0,0,18,0,0,0,0,0,0,0,0,0,0,0,0,0,0,74,0,22,170,27,796,0,0,0,14,0,0,0,0,0,0,0,0,0,0,0,0,0,0,0,0,0,0,0,0,0,0,0,0,0,0,0,0,0,0,0,0,0,0,0,0,44,0,0,0,0,0,0,0,0,32,34,0,0,57,0,0,0,0,0,0,0,0,39,0,0,76,0,367,0,0,0,0,0,0,0,0,0,0,0,0,2144,108,0,18,0,648,0,0,4558,163,0,2303,0,0,167,0,0,0,0,0,0,59,0,0,0,433,0,0,0,0,0,0,0,149,0,0,0,0,0,0,0,0,0,56,0,0,0,0,0,0,0,0,0,26,0,0,0,0,1036,0,0,0,0,Eukaryota;Chordata;Actinopteri;Centrarchiformes;Kyphosidae;Medialuna;Medialuna californiensis
0,0,0,0,0,10,0,0,0,0,0,0,0,0,0,0,0,0,33,115,0,0,0,0,6,14,13,440,22,18,6,0,9,0,0,669,0,0,0,0,0,0,0,0,0,0,0,0,0,0,0,0,0,0,48,0,0,0,0,0,0,0,0,0,0,0,0,0,0,0,0,0,0,11,0,0,11,0,0,32,104,41,0,14,0,0,0,0,0,0,0,0,0,26,0,0,2,1293,84,0,0,0,0,0,0,0,0,0,0,2,0,0,0,8,8,40,163,112,1775,847,487,229,24,0,0,270,0,137,83,0,10,0,0,41,6,0,0,0,0,0,0,0,0,28,0,0,0,0,0,0,10,65,0,9,0,0,23,0,5,0,0,0,66,8,0,46,39,24,0,39,0,0,31,52,Eukaryota;Chordata;Actinopteri;Blenniiformes;Clinidae;Gibbonsia;
0,0,0,0,0,0,0,0,0,0,0,0,0,355,0,0,0,0,0,0,70,306,0,13,0,0,0,0,0,0,0,0,0,0,0,0,0,0,0,0,0,0,0,0,0,0,0,0,0,0,0,0,0,0,0,0,0,0,0,0,0,0,0,0,0,0,0,0,0,0,0,0,0,0,0,0,0,0,0,0,0,0,0,0,0,0,0,0,0,0,0,0,0,0,0,0,0,0,0,0,0,0,0,0,0,0,0,0,0,0,0,0,0,0,0,0,0,0,0,0,0,0,0,0,0,0,0,0,0,0,0,0,0,0,0,0,0,0,0,0,0,0,0,0,0,0,0,0,0,0,0,0,0,0,0,0,0,0,0,0,0,0,0,0,0,0,0,0,0,0,0,0,0,0,Eukaryota;Chordata;Chondrichthyes;Lamniformes;Alopiidae;Isurus;Isurus oxyrinchus
0,0,0,0,0,0,0,0,0,0,0,0,0,0,0,0,0,0,0,0,0,0,0,0,0,0,0,0,0,0,0,8,0,0,0,0,0,0,0,0,0,0,0,0,0,0,0,0,0,0,0,0,0,0,0,0,0,656,0,0,0,0,0,0,0,0,0,0,0,0,0,0,0,0,0,0,0,0,0,0,0,0,0,0,0,0,0,0,0,0,0,0,0,0,0,0,0,0,0,0,0,0,0,0,0,0,0,0,0,0,0,0,0,131,0,0,0,0,0,0,0,0,0,0,0,0,0,0,0,0,0,0,0,0,0,0,0,0,0,0,0,0,0,0,0,1226,0,0,0,0,0,0,0,0,0,0,0,0,0,0,0,0,0,0,0,0,0,0,0,0,0,0,0,0,Eukaryota;Chordata;Actinopteri;Syngnathiformes;Syngnathidae;Cosmocampus;Cosmocampus arctus
34,387,81,23,190,3103,2881,3249,192,259,596,1863,52,0,0,15,0,234,200,26,1498,736,27,37,691,2160,496,923,1828,492,438,1573,762,307,1516,1060,62,13,115,549,496,16,440,62,98,959,3,103,213,11,0,1917,2789,0,0,266,0,161,0,326,8664,0,0,80,1682,206,127,354,224,364,2145,610,1052,2479,45,178,6527,551,2430,657,808,61,0,2318,0,367,4,344,796,1535,3513,1794,4214,5543,1874,1188,3245,6535,2455,34,413,79,977,1154,237,82,76,1105,1320,169,171,10144,3826,1330,4802,2399,9429,8101,6713,3312,12309,34227,14609,1023,269,73,431,3326,812,158,242,38,189,278,853,989,1880,472,0,27,0,0,0,0,639,0,641,0,0,558,1862,3407,717,2611,1378,1069,850,4367,4384,4862,2981,1503,2855,2292,373,2769,501,121,1675,194,3740,1614,1365,180,Eukaryota;Chordata;Actinopteri;Scombriformes;Scombridae;Scomber;Scomber japonicus
0,0,0,0,0,0,0,0,0,0,0,49,0,0,0,0,0,0,0,0,0,0,0,0,0,0,0,0,0,0,0,0,0,0,0,0,0,0,0,0,0,0,0,0,0,0,0,0,0,0,0,0,0,0,0,0,0,0,0,0,0,0,0,0,0,21,0,0,0,0,0,13,0,167,0,0,0,0,0,0,0,0,0,0,0,0,0,0,0,0,0,0,0,0,0,0,0,0,0,0,0,0,0,0,0,0,0,0,0,0,0,0,0,0,0,0,0,0,0,0,0,0,0,0,0,0,0,0,0,0,0,0,0,0,0,0,0,0,0,0,0,0,0,0,0,0,0,0,0,0,0,0,0,0,0,0,0,0,0,0,0,0,0,0,0,0,0,0,0,0,0,0,0,0,Eukaryota;Chordata;Mammalia;Artiodactyla;Delphinidae;;
0,0,0,34,0,0,0,0,0,198,0,0,0,0,0,0,0,0,0,0,0,0,0,0,0,0,0,0,0,0,0,0,0,0,0,0,0,0,0,0,0,0,0,0,0,0,0,0,0,0,0,0,0,0,0,0,0,0,0,0,0,0,0,0,0,0,0,0,0,0,0,0,0,0,0,0,0,0,0,0,0,0,0,0,0,0,0,0,0,27,0,0,0,0,0,0,0,0,0,0,0,0,0,0,0,0,0,0,0,0,0,0,0,0,0,0,0,0,0,0,0,0,0,0,0,0,0,0,0,0,0,0,0,0,71,0,0,0,0,0,0,0,0,0,0,0,0,0,0,0,0,0,0,0,0,0,0,0,0,0,0,0,0,0,0,0,0,0,0,0,0,0,0,0,Eukaryota;Chordata;Actinopteri;Pleuronectiformes;Paralichthyidae;Citharichthys;
0,0,0,0,0,0,0,0,0,0,15,0,0,0,0,0,0,0,0,0,0,0,0,0,0,0,0,23,0,0,0,0,0,0,0,0,0,0,0,0,0,0,0,0,0,0,0,0,0,0,0,0,0,0,0,0,0,0,0,0,0,0,0,0,0,0,0,0,0,0,0,0,0,0,0,0,0,0,0,0,0,193,0,0,0,0,0,0,0,0,0,0,0,0,0,0,0,0,0,0,0,0,0,0,0,0,0,0,0,0,0,0,0,0,0,0,0,0,0,0,0,0,0,0,0,0,0,0,0,0,0,0,0,0,0,0,0,0,0,0,0,0,0,0,0,0,0,0,0,0,0,0,0,0,0,0,0,0,0,0,0,0,0,0,0,0,0,0,0,0,0,0,0,0,Eukaryota;Chordata;Aves;Pelecaniformes;Pelecanidae;Pelecanus;Pelecanus occidentalis
8,0,0,0,0,0,0,146,0,0,0,0,0,0,0,0,0,0,0,0,0,0,0,0,0,0,0,0,0,0,0,48,0,0,0,25,0,0,0,0,0,0,0,0,0,0,0,0,0,0,0,0,0,0,0,0,0,0,0,0,0,0,0,0,0,0,0,0,0,0,0,0,0,0,0,0,0,0,0,0,0,0,0,0,0,0,0,0,0,0,0,0,0,0,0,0,0,0,0,0,0,0,0,0,0,0,0,0,0,0,0,0,0,0,0,0,0,0,0,0,0,0,0,0,0,0,0,0,0,0,0,0,0,0,0,0,0,0,0,0,0,0,0,0,0,0,0,0,0,0,0,0,0,0,0,0,0,0,0,0,0,0,0,0,0,0,0,0,0,0,0,0,0,0,Eukaryota;Chordata;Actinopteri;Salmoniformes;Salmonidae;Oncorhynchus;
0,0,0,0,0,0,0,0,0,0,0,0,0,0,0,0,0,191,0,0,0,0,0,0,0,0,0,0,0,0,0,0,0,0,0,0,0,0,0,0,0,0,0,0,0,0,0,0,0,0,0,0,0,0,0,0,0,0,0,0,0,0,0,0,0,0,0,0,0,0,0,0,0,0,0,0,0,0,0,0,0,0,0,0,0,0,0,0,0,0,0,0,0,0,0,0,0,0,0,0,0,0,0,0,0,0,0,0,0,0,0,0,0,0,0,0,0,0,0,0,0,0,0,0,0,0,0,0,0,0,0,0,0,0,0,0,0,0,0,0,0,0,0,0,0,0,0,0,0,0,0,0,0,0,0,0,0,0,0,0,0,0,0,0,0,0,0,0,0,0,0,0,0,0,Eukaryota;Chordata;Aves;Anseriformes;Anatidae;Anas;Anas platyrhynchos
0,0,0,0,0,0,0,0,8,0,0,0,0,0,0,0,0,0,0,0,0,0,0,0,0,0,0,0,0,0,0,0,0,0,0,0,0,0,0,0,0,0,0,0,0,0,0,0,0,0,0,0,0,0,0,0,0,17,0,0,0,0,0,0,0,0,0,0,0,0,0,0,0,159,0,0,0,0,0,0,0,0,0,0,0,0,0,0,0,0,0,0,0,0,0,0,0,0,0,0,0,0,0,0,0,0,0,0,0,0,0,0,0,0,0,0,0,0,0,0,0,0,0,0,0,0,0,0,0,0,0,0,0,0,0,0,0,0,0,0,0,0,0,0,0,0,0,0,0,0,0,0,0,0,0,0,0,0,23,14,1248,0,0,0,0,0,0,0,0,0,0,0,0,0,Eukaryota;Chordata;Actinopteri;Ophidiiformes;Ophidiidae;Ophidion;Ophidion scrippsae
0,141,0,0,0,0,0,0,0,0,0,0,0,0,0,0,0,0,0,0,0,0,0,0,0,0,0,0,16,0,0,0,0,0,0,0,0,0,0,0,0,0,0,0,0,0,0,0,0,0,0,0,0,0,0,0,0,0,0,0,0,0,0,0,0,0,0,0,0,0,0,0,0,0,0,0,0,0,0,0,0,0,0,0,0,0,0,0,0,0,0,0,199,0,200,0,653,0,0,0,0,0,0,0,0,0,0,0,0,0,0,0,0,0,0,0,0,0,0,0,0,0,578,0,0,0,0,0,0,0,35,0,0,0,0,0,0,0,0,0,0,0,0,0,0,0,0,0,0,0,0,0,0,0,0,0,0,0,0,0,1673,0,0,0,0,0,0,0,0,0,0,0,0,0,Eukaryota;Chordata;Actinopteri;Pleuronectiformes;Paralichthyidae;Citharichthys;Citharichthys sordidus
0,0,0,0,0,0,0,130,0,0,0,0,0,0,0,0,0,0,0,0,0,0,0,0,0,0,0,0,0,0,0,0,0,0,0,0,0,0,0,0,0,0,0,0,0,0,0,0,0,0,0,0,0,0,0,0,0,0,0,0,0,0,0,0,0,0,0,0,0,0,0,0,0,0,0,0,0,0,0,0,0,0,0,0,0,0,0,0,0,0,0,0,0,0,0,0,0,0,0,0,0,0,0,0,0,0,0,0,0,0,0,0,10,0,0,0,0,0,0,0,0,0,0,0,0,0,0,0,0,0,0,0,0,0,0,0,0,0,0,0,0,0,0,0,0,0,0,0,0,0,0,0,0,0,0,0,0,0,0,0,0,0,0,0,0,0,0,0,0,0,0,0,0,0,Eukaryota;Chordata;Actinopteri;;Embiotocidae;;
0,0,0,0,0,0,0,0,0,0,0,0,0,0,0,0,0,0,0,0,0,0,0,0,0,0,8,0,0,115,0,0,0,0,0,0,0,0,0,0,0,0,0,0,0,0,0,0,0,0,0,0,0,0,0,0,0,0,0,0,0,0,0,0,0,0,0,0,0,0,0,0,0,0,0,0,0,0,0,0,0,0,0,0,0,0,0,0,0,0,0,0,0,0,0,0,0,0,0,0,0,0,0,0,0,0,40,0,0,0,0,171,0,0,53,0,0,0,0,0,0,0,0,0,0,0,0,0,0,0,0,0,0,0,0,0,0,0,0,0,0,0,0,0,0,0,0,0,0,0,0,0,0,0,0,0,0,0,0,0,0,0,0,0,0,0,0,0,0,0,0,0,0,66,Eukaryota;Chordata;Actinopteri;Syngnathiformes;Syngnathidae;Syngnathus;Syngnathus leptorhynchus
1521,5716,1436,2022,1441,2267,1026,806,1313,62,4938,4900,411,1508,1160,17,89,29,0,70,2610,652,0,343,374,1013,2379,2244,718,1909,1327,587,172,151,427,1100,348,741,436,625,105,960,3034,49,1055,407,491,71,0,2188,0,1260,0,6,0,0,0,49,402,6,388,0,33,16,32,0,145,0,36,44,39,425,20,4154,319,172,0,0,0,7,0,0,0,0,2,0,0,4337,8705,4612,1119,5290,3640,1811,4437,1729,6874,2497,473,32,1497,28,41,38,234,289,390,11615,77,552,614,12415,3718,6304,8081,8984,16938,4366,8414,16672,7552,15353,4131,1839,3675,1338,7356,359,2724,2054,1350,3466,13200,8156,16000,0,5,5592,2,0,0,0,0,53,0,25,0,4821,0,0,4717,116,21,1570,117,207,86,406,969,538,739,486,0,40,0,0,1488,0,4786,224,0,0,0,0,Eukaryota;Chordata;Actinopteri;Clupeiformes;Clupeidae;Sardinops;Sardinops sagax
0,0,0,0,0,0,0,0,0,0,0,0,0,0,0,0,0,0,0,0,0,0,0,0,0,0,0,0,0,0,0,0,0,0,0,0,0,0,0,0,0,0,0,0,0,120,0,0,0,0,0,0,0,0,0,0,0,0,0,0,0,0,0,0,0,0,0,0,0,0,0,0,0,0,0,0,0,0,0,0,0,0,0,0,0,0,0,0,0,0,0,0,0,0,0,0,0,0,0,0,0,0,0,0,0,0,0,0,0,0,0,0,0,0,0,0,0,0,0,0,0,0,0,0,0,0,0,0,0,0,0,0,0,0,0,0,0,0,0,0,0,0,0,0,0,0,0,0,0,0,0,0,0,0,0,0,0,0,0,0,0,0,0,0,0,0,0,0,0,0,0,0,0,0,Eukaryota;Chordata;Actinopteri;Blenniiformes;Labrisomidae;Alloclinus;Alloclinus holderi
108,0,0,0,0,0,0,0,0,0,0,0,0,0,0,0,0,0,0,0,7,0,0,0,0,0,0,0,0,0,0,0,0,0,0,0,0,5,0,0,0,0,0,0,0,9,0,0,0,0,0,0,0,0,0,0,0,0,0,0,0,0,0,0,0,0,0,0,0,0,0,0,0,0,0,0,0,0,0,0,0,0,0,0,0,0,0,0,0,0,0,0,0,0,0,0,0,0,0,0,0,0,0,0,0,0,0,0,0,0,0,0,0,0,0,0,0,0,0,0,0,0,0,0,0,0,0,0,0,0,0,0,0,0,0,0,0,0,0,0,0,0,0,0,0,0,0,0,0,0,0,0,0,0,0,0,0,0,0,0,0,0,0,0,0,0,0,0,0,0,0,0,0,0,Eukaryota;Chordata;Actinopteri;Batrachoidiformes;Batrachoididae;Porichthys;Porichthys notatus
0,0,0,0,0,0,0,0,0,0,0,0,0,0,0,0,0,0,0,0,0,35,0,0,0,0,0,0,0,0,0,0,27,0,0,0,0,0,0,0,0,0,0,0,0,0,0,0,0,0,0,0,0,0,0,0,0,0,0,0,0,0,0,0,0,0,53,0,0,0,0,0,0,0,0,0,0,0,0,0,0,0,0,0,0,0,0,0,0,0,0,0,0,0,0,0,0,0,0,0,0,0,0,0,0,0,0,0,0,0,0,0,0,0,0,0,0,0,0,0,0,0,0,0,0,0,51,0,0,0,0,0,0,0,0,0,0,0,0,0,0,0,0,0,0,0,0,0,0,0,0,0,0,0,0,0,0,0,0,0,0,0,0,0,0,0,0,0,0,0,0,0,0,0,Eukaryota;Chordata;Actinopteri;;Embiotocidae;Rhacochilus;Rhacochilus toxotes
0,0,0,0,0,0,0,0,0,0,0,0,0,0,0,0,0,0,0,0,0,0,0,0,0,0,0,0,0,0,0,0,98,0,15,0,0,0,0,0,0,0,0,0,0,0,0,0,0,0,0,0,0,0,0,0,0,0,0,0,0,0,0,0,0,0,0,0,0,0,0,0,0,0,0,0,0,0,0,0,0,0,0,0,0,0,0,0,0,0,0,0,0,0,0,0,0,0,0,0,0,0,0,0,0,0,0,0,0,0,0,0,0,0,0,0,0,0,0,0,0,0,0,0,0,0,0,0,0,0,0,0,0,0,0,0,0,0,0,0,0,0,0,0,0,0,0,0,0,0,0,0,0,0,0,0,0,0,0,0,0,0,0,0,0,0,0,0,0,0,0,0,0,0,Eukaryota;Chordata;Mammalia;Carnivora;Phocidae;Phoca;Phoca vitulina
0,0,0,0,0,0,0,0,0,0,0,0,0,0,0,0,0,0,0,0,0,0,0,0,0,0,0,0,0,0,0,0,0,0,0,0,0,0,0,0,0,0,0,0,0,0,0,0,0,0,0,0,148,0,0,0,0,0,0,0,0,0,0,0,0,0,0,0,0,0,0,0,0,0,0,0,0,0,0,0,0,0,0,0,0,0,0,0,0,0,0,0,0,0,0,0,0,0,0,0,0,0,0,0,0,0,0,0,0,0,0,0,0,0,0,0,0,0,0,0,0,0,0,0,0,0,0,0,0,0,0,0,0,0,0,0,0,0,0,0,0,0,0,0,0,0,0,0,0,0,0,0,0,0,0,0,0,0,0,0,0,0,0,0,0,0,0,0,0,0,0,0,0,0,Eukaryota;Chordata;Actinopteri;Pempheriformes;Polyprionidae;Stereolepis;Stereolepis gigas
0,0,0,0,0,0,0,0,0,0,0,0,0,0,0,0,0,0,0,0,0,0,0,0,0,0,0,0,0,0,0,0,72,0,0,0,0,0,0,0,0,0,0,0,0,0,0,0,0,0,0,0,0,0,0,0,0,0,0,0,0,0,0,0,0,0,0,0,0,0,0,0,0,0,0,0,0,0,0,0,0,0,0,0,0,0,0,0,0,0,0,0,0,0,0,0,0,0,0,0,0,0,0,0,0,0,0,0,0,0,0,0,0,0,0,0,0,0,0,0,0,0,0,0,0,0,0,0,0,0,0,0,0,0,0,0,0,0,0,0,0,0,0,0,0,0,0,0,0,0,0,0,0,0,0,0,0,0,0,0,0,0,0,0,0,0,0,0,0,0,0,0,0,0,Eukaryota;Chordata;Chondrichthyes;Myliobatiformes;Dasyatidae;Pteroplatytrygon;Pteroplatytrygon violacea
0,0,0,0,0,0,0,0,0,0,0,0,0,0,0,0,0,0,0,0,0,0,0,0,0,0,0,0,0,0,0,0,0,0,0,0,0,0,0,0,0,0,0,0,0,0,0,0,0,0,0,0,0,0,0,0,0,0,0,0,0,0,0,0,0,0,0,0,0,0,0,0,0,0,0,0,14,0,25,0,0,0,0,0,0,29,0,0,0,0,0,0,0,2986,5,0,0,0,0,0,0,0,0,0,0,0,0,0,0,0,0,0,0,0,0,0,0,0,0,0,0,0,0,0,0,0,0,0,0,0,0,0,0,0,0,0,0,0,0,0,0,0,0,0,0,0,0,0,0,0,0,16,0,0,0,0,0,0,0,0,0,0,0,0,0,0,0,30,0,59,246,13,275,0,Eukaryota;Chordata;Actinopteri;Lutjaniformes;Haemulidae;Brachygenys;Brachygenys californiensis
0,0,0,67,0,0,0,0,0,0,0,0,0,0,0,0,0,0,0,0,0,0,0,0,0,0,0,0,0,0,0,0,0,0,0,0,0,0,0,0,0,0,0,0,0,0,0,0,0,0,0,0,0,0,0,0,0,0,0,0,0,0,0,0,0,0,0,0,0,0,0,0,0,0,0,0,0,0,0,0,0,0,0,0,0,0,0,0,0,0,0,0,0,0,0,0,0,0,0,0,0,0,0,0,0,0,0,0,0,0,0,0,0,0,0,0,0,0,0,0,0,0,0,0,0,0,0,0,0,0,0,0,0,0,0,0,0,0,0,0,0,0,0,0,0,0,0,0,0,0,0,0,0,0,0,0,0,0,0,0,0,0,0,0,0,0,0,0,0,0,0,0,0,0,Eukaryota;Chordata;Mammalia;Artiodactyla;Balaenopteridae;Megaptera;Megaptera novaeangliae
0,0,0,0,0,58,0,0,0,0,0,0,0,0,0,0,0,0,0,0,0,0,0,0,0,0,0,0,0,0,0,0,0,0,0,0,0,0,0,0,0,0,0,0,0,0,0,0,0,0,0,0,0,0,0,0,0,0,0,0,0,0,0,0,0,0,0,0,0,0,0,0,0,0,0,0,0,0,0,0,0,0,0,0,0,0,0,0,0,0,0,0,0,0,0,0,0,0,0,0,0,0,0,0,0,0,0,0,0,0,0,0,0,0,0,0,0,0,0,0,0,0,0,0,0,0,0,0,0,0,0,0,0,0,0,0,0,0,0,0,0,0,0,0,0,0,0,0,0,0,0,0,0,0,0,0,0,0,0,0,0,0,0,0,0,0,0,0,0,0,0,0,0,0,Eukaryota;Chordata;Aves;Charadriiformes;Laridae;Sterna;Sterna elegans
0,51,0,0,0,0,0,0,0,0,0,0,0,0,0,0,0,0,0,0,0,0,0,0,0,0,0,0,0,0,0,0,0,0,0,0,0,0,0,0,0,0,0,0,0,0,0,0,0,0,0,0,0,0,0,0,0,0,0,0,0,0,0,0,0,0,0,0,0,0,0,0,0,0,0,0,0,0,0,0,0,0,0,0,0,46,0,0,0,0,0,0,0,0,0,0,0,0,0,0,0,0,0,0,0,0,0,0,0,0,0,0,0,0,0,0,0,0,0,0,0,0,0,0,0,0,0,0,0,0,0,0,0,0,0,0,0,0,0,0,0,236,0,0,0,0,0,0,0,2339,0,0,0,0,0,0,0,0,0,0,0,0,0,0,0,0,0,0,0,0,0,0,0,0,Eukaryota;Chordata;Actinopteri;;Embiotocidae;Brachyistius;Brachyistius frenatus
6,0,162,0,495,431,834,34,283,0,0,1093,0,1663,0,809,11,0,64,20,92,0,214,1488,181,106,15,523,717,33,11,22,19,46,7,1450,5,4,381,60,25,711,25,0,14,0,3,12,43,8,0,1723,318,0,38,295,112,308,0,4,0,8,842,111,501,100,29,606,322,32,47,8,545,0,174,36,197,48,1998,104,1913,4809,3019,1962,1286,5893,1897,0,112,0,297,0,0,281,2262,29,1043,0,678,85,216,40,135,137,168,0,193,31,12,201,4,1310,4915,78,1280,75,102,378,586,235,385,364,250,33,453,21,245,76,125,62,42,73,0,66,136,0,222,132,427,488,0,928,0,2131,0,0,404,0,0,0,1315,972,2711,89,970,241,62,91,122,377,4243,502,520,4005,2253,396,997,1309,2618,2558,2837,1788,5335,981,Eukaryota;Chordata;Actinopteri;Lutjaniformes;Haemulidae;Anisotremus;Anisotremus davidsonii
0,0,0,0,0,0,0,0,0,0,0,0,0,0,0,0,0,0,0,0,0,0,0,0,0,0,41,0,0,0,0,0,0,0,0,0,0,0,0,0,0,0,0,0,0,0,0,0,0,0,0,0,0,0,0,0,0,0,0,0,0,0,0,0,0,0,0,0,0,0,0,0,0,0,0,0,0,0,0,8,0,0,0,0,0,0,0,0,0,0,0,0,0,0,0,0,0,0,0,0,0,0,0,0,0,0,0,0,0,0,0,0,0,0,0,0,0,0,0,0,0,0,0,0,0,0,0,0,0,0,0,0,0,0,0,0,0,0,0,0,0,0,0,0,0,0,0,0,0,0,0,0,0,0,0,0,0,0,0,0,0,0,0,0,0,0,0,0,0,0,0,0,0,0,Eukaryota;Chordata;Chondrichthyes;Myliobatiformes;Dasyatidae;Hypanus;Hypanus dipterurus
0,0,0,0,0,0,0,0,0,0,0,0,0,0,0,0,0,0,0,0,0,0,0,0,0,0,0,0,0,0,0,0,0,0,0,0,0,0,0,0,0,0,0,0,0,0,0,0,0,0,0,0,0,0,0,0,0,0,0,0,0,0,0,0,0,0,0,48,0,0,0,0,0,0,0,0,0,0,0,0,0,0,0,0,0,0,0,0,0,0,0,0,0,0,0,0,0,0,0,0,0,0,0,0,0,0,0,0,0,0,0,0,0,0,0,0,0,0,0,0,0,0,0,0,0,0,0,0,0,0,0,0,0,0,0,0,0,0,0,0,0,0,0,0,0,0,0,0,0,0,0,0,0,0,0,0,0,0,0,0,0,0,0,0,0,0,0,0,0,0,0,0,0,0,Eukaryota;Chordata;Chondrichthyes;Carcharhiniformes;Carcharhinidae;Prionace;Prionace glauca
0,0,0,0,0,0,0,42,0,0,0,0,0,0,0,0,0,0,0,0,0,0,0,0,0,0,0,0,0,0,0,0,0,0,0,0,0,0,0,0,37,0,0,0,0,0,0,0,0,0,0,0,0,0,0,0,0,0,0,0,0,0,0,0,0,0,0,0,0,0,0,0,0,0,0,0,0,0,0,0,0,0,0,0,0,0,0,0,0,13,0,0,0,0,28,0,0,4514,0,0,0,0,0,0,0,0,0,0,0,0,0,0,0,0,0,0,0,0,0,0,0,0,0,0,0,0,0,0,0,0,167,0,0,0,263,0,0,0,0,0,0,0,0,0,0,0,0,0,0,0,14,0,0,0,0,0,0,0,839,0,0,0,0,0,0,0,0,0,0,0,0,0,0,0,Eukaryota;Chordata;Actinopteri;Perciformes;Cottidae;Icelinus;Icelinus quadriseriatus
0,0,0,0,0,0,0,0,0,0,0,0,0,0,0,0,0,0,0,0,0,0,0,0,0,0,0,0,0,0,0,0,0,0,0,0,0,40,0,0,0,0,0,0,0,0,0,0,0,0,0,0,0,0,0,0,0,0,0,0,0,0,0,0,0,0,0,0,0,0,0,0,0,0,0,0,0,0,0,0,0,0,0,0,0,0,0,0,0,0,0,0,0,0,0,0,0,0,0,0,0,0,0,0,0,0,0,0,0,0,0,0,0,0,0,0,0,0,0,0,0,0,0,0,0,0,0,0,0,0,0,0,0,0,0,0,0,0,0,0,0,0,0,0,0,0,0,0,0,0,0,0,0,0,0,0,0,0,0,0,0,2,0,0,0,0,0,0,0,0,0,0,0,0,Eukaryota;Chordata;Aves;Pelecaniformes;Phalacrocoracidae;Nannopterum;Nannopterum brasilianus
0,0,0,0,0,0,0,0,0,0,0,0,0,0,0,0,0,0,0,0,0,0,0,0,0,0,0,0,0,0,0,0,0,0,0,0,0,0,0,0,0,0,0,0,0,0,0,0,0,0,0,0,0,0,0,0,0,0,0,0,0,0,0,0,0,0,0,0,0,0,0,34,0,0,0,0,0,0,0,0,0,0,0,0,0,0,0,0,0,27,0,0,0,0,0,0,0,0,0,0,0,0,0,0,0,0,0,0,0,0,0,0,0,0,0,0,0,0,0,0,0,0,0,0,0,0,0,0,0,0,0,0,0,0,0,0,0,0,0,0,0,0,0,0,0,0,0,0,0,0,0,0,0,0,0,0,0,0,0,0,0,0,0,0,0,0,0,0,0,0,0,0,0,0,Eukaryota;Chordata;Actinopteri;Perciformes;Bathymasteridae;Rathbunella;Rathbunella hypoplecta
0,0,0,0,0,0,0,0,0,0,0,31,0,0,0,0,0,0,0,0,0,0,0,0,0,0,0,0,0,0,0,0,0,0,0,0,0,0,0,0,0,0,0,0,0,0,0,0,0,0,0,0,0,0,0,0,0,0,0,0,0,0,0,0,0,0,0,0,0,0,0,0,0,0,0,0,0,0,0,0,0,0,0,0,0,0,0,0,0,0,0,0,0,0,0,0,0,0,0,0,0,0,0,0,0,0,0,0,0,0,0,0,0,0,0,0,0,0,0,0,0,0,0,0,0,0,0,0,0,0,0,0,0,0,0,0,0,0,0,0,0,0,0,0,0,0,0,0,0,0,0,0,0,0,0,0,0,0,0,0,0,0,0,0,0,0,0,0,0,0,0,0,0,0,Eukaryota;Chordata;Chondrichthyes;Torpediniformes;Torpedinidae;Tetronarce;Tetronarce californica
0,0,0,0,0,0,0,0,0,0,0,0,0,0,0,0,0,0,0,0,0,0,0,0,0,0,0,0,0,0,0,0,0,0,0,0,0,0,0,0,0,0,0,0,0,0,0,0,0,0,0,0,0,0,0,0,0,0,0,0,0,0,0,0,0,0,0,0,0,0,0,0,0,0,0,0,0,0,0,0,0,0,0,0,0,31,0,0,0,0,0,0,0,0,0,0,0,0,0,0,0,0,0,0,0,0,0,0,0,0,0,0,0,0,0,0,0,0,0,0,0,0,0,0,0,0,0,0,0,0,0,0,0,0,0,0,0,0,0,0,0,0,0,0,0,0,0,0,0,0,0,0,0,0,0,0,0,0,0,0,0,0,0,0,0,0,0,0,0,0,0,0,0,0,Eukaryota;Chordata;Mammalia;Artiodactyla;Delphinidae;Stenella;
0,0,0,0,0,0,0,0,0,0,0,0,0,0,0,0,0,0,0,0,0,0,0,0,0,0,0,0,0,0,0,0,0,0,0,0,0,0,0,0,19,0,0,0,0,0,0,0,0,0,0,0,0,0,0,0,0,0,0,0,0,0,0,0,0,0,0,0,0,0,0,0,0,0,0,0,0,0,0,0,0,0,0,0,0,0,0,0,0,0,0,0,0,0,0,0,0,0,0,0,0,0,0,0,0,0,0,0,0,0,0,0,0,0,0,0,0,0,0,0,0,0,0,0,0,0,0,0,0,0,0,0,0,0,0,0,0,0,0,0,0,0,0,0,0,0,0,0,0,0,0,0,0,0,0,0,0,0,0,0,0,0,0,0,0,0,0,0,0,0,0,0,0,0,Eukaryota;Chordata;Aves;Passeriformes;Parulidae;Setophaga;Setophaga coronata
0,0,0,0,0,0,0,0,0,0,0,0,0,0,0,0,0,0,0,0,0,0,0,0,0,0,14,0,0,0,0,0,0,0,0,0,0,0,0,0,0,0,0,0,0,0,0,0,0,0,0,0,0,0,0,0,0,0,0,0,0,0,0,0,0,0,0,0,0,0,0,0,0,0,0,0,0,0,0,0,0,0,0,0,0,0,0,0,0,0,0,0,0,0,0,0,0,0,0,0,0,0,0,0,0,0,0,0,0,0,0,0,0,0,0,0,0,0,0,0,0,0,0,0,0,0,0,0,0,0,0,0,0,0,0,0,0,0,0,0,0,0,0,0,0,0,0,0,0,0,0,0,0,0,0,0,0,0,0,0,0,0,0,0,0,0,0,0,0,0,0,0,0,0,Eukaryota;Chordata;Actinopteri;Perciformes;Sebastidae;Sebastes;Sebastes paucispinis
178,966,89,196,161,354,636,68,5078,349,0,746,0,359,0,0,0,86,99,341,527,775,1133,12,380,1692,222,1433,1728,73,0,0,537,48,0,1218,118,444,57,86,212,0,141,127,671,2824,39,18,656,53,0,13,31,0,0,417,1914,1766,116,215,588,341,1202,371,668,100,353,3994,506,1223,2841,4252,3760,3312,1039,0,0,0,61,283,9,390,562,0,132,124,402,6433,1703,517,305,976,1018,384,807,1476,8601,125,4069,114,63,59,16,46,0,684,804,145,405,277,7680,3557,868,2106,1048,3654,3126,256,3661,1507,177,1067,1585,214,850,343,195,235,567,690,104,3546,1096,1133,497,0,63,449,51,0,0,349,102,0,2482,5819,810,6766,670,0,4840,8773,4373,2438,10886,5291,3025,8760,4451,10455,27982,14534,220,277,211,30,84,29,1426,1047,291,171,718,51,Eukaryota;Chordata;Actinopteri;;Sciaenidae;Genyonemus;Genyonemus lineatus
0,0,0,0,0,0,0,0,0,0,0,0,0,0,0,0,0,0,0,0,0,0,0,0,13,0,0,0,0,0,0,0,0,0,0,0,0,0,0,0,0,0,0,0,0,0,0,0,0,0,0,0,0,0,0,0,0,0,0,0,0,0,0,0,0,0,0,0,0,0,0,0,0,0,0,0,0,0,0,0,0,0,0,0,0,0,0,0,0,0,0,0,0,0,0,0,0,0,0,0,0,0,0,0,0,0,0,0,0,0,0,0,0,0,0,0,0,0,0,0,2395,0,0,0,0,0,0,84,0,0,0,0,0,0,0,0,0,0,0,0,0,0,0,0,0,0,0,0,0,0,0,0,0,0,0,0,0,0,0,0,0,0,0,0,0,0,0,0,0,0,0,0,0,0,Eukaryota;Chordata;Actinopteri;Carangiformes;Carangidae;Decapterus;Decapterus muroadsi
0,12,0,0,0,0,0,0,0,0,0,0,0,0,0,0,0,0,0,0,0,0,0,0,0,0,0,0,0,0,0,0,0,0,0,0,0,0,0,0,0,0,0,0,0,0,0,0,0,0,0,0,0,0,0,0,0,0,0,0,0,0,0,0,0,0,0,0,0,0,0,0,0,0,0,0,0,0,0,0,0,0,0,0,0,0,0,0,0,0,0,0,0,0,0,0,0,0,0,0,0,0,0,0,0,0,0,0,0,0,0,0,0,0,0,0,0,0,0,0,0,0,0,0,0,0,0,0,0,0,0,0,0,0,0,0,0,0,0,0,0,0,0,0,0,0,0,0,0,0,0,0,0,0,0,0,0,0,0,0,0,0,0,0,0,0,0,0,0,0,0,0,0,0,Eukaryota;Chordata;Actinopteri;Anguilliformes;Ophichthidae;Myrophis;Myrophis vafer
0,0,0,0,0,0,0,0,0,0,0,0,0,0,0,0,0,0,0,0,0,0,0,0,0,0,12,0,0,0,0,0,0,0,0,0,0,0,0,0,0,0,0,0,0,0,0,0,0,0,0,0,0,0,0,0,0,0,0,0,0,0,0,0,0,0,0,0,0,0,0,0,0,0,0,0,0,0,0,0,0,0,0,0,0,0,0,0,0,0,0,0,0,0,0,0,0,0,0,0,0,0,0,0,0,0,0,0,0,0,0,0,0,0,0,0,0,0,3067,0,0,0,0,0,0,0,0,0,0,0,0,0,0,0,0,0,0,0,0,0,0,0,0,0,0,0,0,0,0,0,0,0,0,0,0,0,0,0,0,0,0,0,0,0,0,0,0,0,0,0,0,0,0,0,Eukaryota;Chordata;Actinopteri;;Embiotocidae;Micrometrus;Micrometrus minimus
0,11,0,0,0,0,0,0,0,0,0,0,0,0,0,0,0,0,0,0,0,0,0,0,0,0,0,0,0,0,0,0,0,0,0,0,0,0,0,0,0,0,0,0,0,0,0,0,0,0,0,0,0,0,0,0,0,0,0,0,0,0,0,0,0,0,0,0,0,0,0,0,0,0,0,0,0,0,0,0,0,0,0,0,0,0,0,0,0,0,0,0,0,0,0,0,0,0,0,0,0,0,0,0,0,0,0,0,0,0,0,0,0,0,0,0,0,0,0,0,0,0,0,0,0,0,0,0,0,0,0,0,27,72,0,0,0,0,0,0,0,0,0,0,0,0,0,0,0,0,0,0,0,0,0,0,0,0,0,0,0,0,0,0,0,0,0,0,0,0,0,0,0,0,Eukaryota;Chordata;Actinopteri;Perciformes;Sebastidae;Sebastes;Sebastes gilli
0,0,0,0,0,0,0,0,0,0,0,0,0,0,0,11,0,0,0,0,0,0,0,0,0,0,0,0,0,0,0,0,0,0,0,0,0,0,0,0,0,0,0,0,0,0,0,0,0,0,0,0,0,0,0,0,0,0,0,0,0,0,0,0,0,0,0,0,0,0,0,0,0,0,0,0,0,0,0,0,0,0,0,0,0,0,0,0,0,0,0,0,0,0,0,0,0,0,0,0,0,0,0,0,58,0,0,0,0,0,0,0,0,0,0,0,0,0,0,0,0,0,0,0,32,0,0,0,0,0,0,0,0,0,0,0,0,0,0,0,0,0,0,0,0,0,0,0,0,0,0,0,0,0,0,0,0,0,0,0,0,0,0,0,0,0,0,0,0,0,0,0,0,0,Eukaryota;Chordata;Actinopteri;Gobiiformes;Gobiidae;Gillichthys;Gillichthys mirabilis
0,0,0,0,0,0,0,0,0,0,0,0,0,0,0,0,0,0,0,0,0,0,0,0,0,0,0,0,0,11,0,0,0,0,0,0,0,0,0,0,0,0,0,0,0,0,0,0,0,0,0,0,0,0,0,0,0,0,0,0,0,0,0,0,0,0,0,0,0,0,0,0,0,0,0,0,0,0,0,0,0,0,0,0,0,0,0,0,0,0,0,0,0,0,0,0,0,0,0,0,0,0,0,0,0,0,0,0,0,0,0,0,0,0,0,0,0,0,0,0,0,0,0,0,0,0,0,0,0,0,0,0,0,0,0,0,0,0,0,0,0,0,0,0,0,0,0,0,0,0,0,0,0,0,0,0,0,0,0,0,0,0,0,0,0,0,0,0,0,0,0,0,0,0,Eukaryota;Chordata;Aves;Pelecaniformes;Ardeidae;Nycticorax;Nycticorax nycticorax
0,0,0,0,0,0,0,0,0,0,0,0,0,0,0,0,0,0,0,0,0,0,0,0,0,0,0,0,0,10,0,0,0,0,0,0,0,0,0,0,0,0,0,0,0,0,0,0,0,0,0,0,0,0,0,0,0,0,0,0,0,0,0,0,0,0,0,0,0,0,0,0,0,0,0,0,0,0,0,0,0,0,0,0,0,0,0,0,0,0,0,0,0,0,0,0,0,0,0,0,0,0,0,0,0,0,0,0,0,0,0,0,0,0,0,0,0,0,0,0,0,0,0,0,0,0,0,0,0,0,0,0,0,0,0,0,0,0,0,0,0,0,0,0,0,0,0,0,0,0,0,0,0,0,0,0,0,0,0,0,0,0,0,0,0,0,0,0,0,0,0,0,0,0,Eukaryota;Chordata;Actinopteri;Kurtiformes;Apogonidae;Apogon;Apogon pacificus
0,0,0,0,0,0,0,0,0,0,0,0,0,0,0,0,0,0,0,0,0,0,0,0,0,0,0,0,0,0,0,0,0,0,0,9,0,0,0,0,0,0,0,0,0,0,0,0,0,0,0,0,0,0,0,0,0,0,0,0,0,0,0,0,0,0,0,0,0,0,0,0,0,0,0,0,0,0,0,0,0,0,0,0,0,0,0,0,0,0,0,0,0,0,0,0,0,0,0,0,0,0,0,0,0,0,0,0,0,0,0,0,0,0,0,0,0,0,0,0,19,64,0,0,0,0,0,0,0,0,0,0,0,0,0,0,0,0,0,0,0,0,0,0,0,0,0,0,0,0,0,0,0,0,0,0,0,0,0,0,0,0,0,0,0,0,0,0,0,0,0,0,0,0,Eukaryota;Chordata;Actinopteri;Blenniiformes;Labrisomidae;Neoclinus;Neoclinus blanchardi
0,0,0,0,0,0,0,0,0,0,0,0,0,0,0,0,0,0,0,0,0,0,0,0,0,0,0,0,0,0,0,0,0,0,0,0,0,0,0,0,0,0,0,0,0,0,0,0,0,0,0,0,0,0,0,0,0,0,0,0,0,0,0,0,0,0,0,0,0,0,0,0,0,0,0,0,0,0,0,0,9,0,0,0,0,0,0,0,0,0,0,0,0,0,0,0,0,0,0,0,0,0,0,0,0,0,0,0,0,0,0,0,0,0,0,0,0,0,0,0,0,0,0,0,0,0,0,0,0,0,0,0,0,0,0,0,0,0,0,0,0,0,0,0,0,0,0,0,0,0,0,0,0,0,0,0,0,0,0,0,0,0,0,0,16,0,0,0,0,0,0,0,0,0,Eukaryota;Chordata;Actinopteri;Clupeiformes;Engraulidae;Anchoa;Anchoa delicatissima
0,6,0,0,0,0,0,0,0,0,0,0,0,0,0,0,0,0,0,0,0,0,0,0,0,0,0,0,0,0,0,0,0,0,0,0,0,0,0,0,0,0,0,0,0,0,0,0,0,0,0,0,0,0,0,0,0,0,0,0,0,0,0,0,0,0,0,0,0,0,0,0,0,0,0,0,0,0,0,0,0,0,0,0,0,0,0,0,0,0,0,0,0,0,0,0,0,0,0,0,0,0,0,0,0,0,0,0,0,0,0,0,0,0,0,0,0,0,0,0,0,0,0,0,0,0,0,0,0,0,0,0,0,0,0,0,0,0,0,0,0,0,0,0,0,0,0,0,0,0,0,0,0,0,0,0,0,0,0,0,0,0,0,0,0,0,0,0,0,0,0,0,0,0,Eukaryota;Chordata;Chondrichthyes;Carcharhiniformes;Triakidae;Galeorhinus;Galeorhinus galeus
321,1437,571,640,751,98,303,4513,356,430,5,8260,0,6,0,0,0,0,0,0,94,0,0,0,959,5132,969,430,436,69,136,350,22,43,48,1184,46,70,28,21,190,9,0,180,483,833,490,95,5944,88,0,78,11,22,0,0,3931,289,0,0,0,0,0,224,0,0,0,431,17,152,245,3664,505,1836,0,0,0,0,0,0,0,0,0,0,0,0,0,0,0,13,14,0,15,0,0,0,4,0,0,0,0,0,0,0,0,0,0,11,0,0,0,0,17,13,0,7,23,7,16,17,0,0,4,17,3,0,0,0,0,0,7,0,0,5,2,5,0,0,0,0,0,0,0,0,0,0,7,0,0,0,0,12,0,8,0,0,0,0,0,0,0,0,0,0,0,0,0,0,0,0,0,0,0,0,Eukaryota;Chordata;Mammalia;Carnivora;Otariidae;Zalophus;Zalophus californianus
0,0,0,0,0,0,0,0,0,0,0,0,0,0,0,0,0,0,0,0,0,0,0,0,0,0,0,0,0,0,0,0,0,0,0,0,0,0,0,0,0,0,0,0,0,0,0,0,0,0,0,0,0,0,0,0,0,0,0,0,0,0,0,0,0,0,0,0,0,0,6,0,0,0,0,0,0,0,0,0,0,0,0,0,0,0,0,0,0,0,0,0,0,0,0,0,0,0,0,0,0,0,0,0,0,0,0,0,0,0,0,0,0,0,0,0,0,0,0,0,0,0,0,0,0,0,0,0,0,0,0,0,0,0,0,0,0,0,0,0,0,0,0,0,0,0,0,0,0,0,0,0,0,0,0,0,0,0,0,0,0,0,0,0,0,0,0,0,0,0,0,0,0,0,Eukaryota;Chordata;Aves;Columbiformes;Columbidae;Streptopelia;
0,0,0,0,0,0,0,0,0,0,0,0,0,0,0,0,0,0,0,0,0,0,0,0,0,0,0,0,0,0,0,0,0,0,0,0,0,0,0,0,0,0,0,0,0,0,0,0,0,0,0,0,0,0,0,0,0,0,0,0,0,0,0,0,0,0,0,0,0,0,0,0,0,0,5,0,0,0,0,0,0,0,0,0,0,0,0,0,0,0,0,0,0,0,0,0,0,0,0,0,0,0,0,0,0,0,0,0,0,0,0,0,0,0,0,0,0,0,0,0,0,0,0,0,0,0,0,0,0,0,0,0,0,0,0,0,0,0,0,0,0,0,0,0,0,0,0,0,0,0,0,0,0,0,0,0,0,0,0,0,0,0,0,0,0,0,0,0,0,0,0,0,0,0,Eukaryota;Chordata;Actinopteri;Atheriniformes;Atherinopsidae;;
4,0,0,0,0,0,0,0,0,0,0,0,0,0,0,0,0,0,0,0,0,0,0,0,0,0,0,0,0,0,0,0,0,0,0,0,0,0,0,0,0,0,0,0,0,0,0,0,0,0,0,0,0,0,0,0,0,0,0,0,0,0,0,0,0,0,0,0,0,0,0,0,0,0,0,0,0,0,0,0,0,0,0,0,0,0,0,0,0,0,0,4,0,0,0,0,48,0,0,0,0,0,0,0,0,0,0,0,0,0,0,0,0,0,0,0,0,0,0,0,0,0,0,0,0,0,0,0,0,0,0,0,0,0,0,0,0,0,0,0,0,0,0,0,0,0,0,0,0,0,0,0,0,0,0,0,0,0,0,0,0,0,0,0,0,0,0,0,0,0,0,0,0,0,Eukaryota;Chordata;Actinopteri;Gobiiformes;Gobiidae;Lythrypnus;Lythrypnus zebra
0,0,0,0,0,0,0,0,0,0,0,0,0,0,0,0,0,0,0,0,0,0,0,0,0,0,0,0,0,0,0,0,0,0,0,0,0,4,0,0,0,0,0,0,0,0,0,0,0,0,0,0,0,0,0,0,0,0,0,0,0,0,0,0,0,0,0,0,0,0,0,0,0,0,0,0,0,0,0,0,0,0,0,0,0,0,0,0,0,0,0,0,0,0,0,0,0,0,0,0,0,0,0,0,0,0,0,0,0,0,0,0,0,0,0,0,0,0,0,0,0,0,0,0,0,0,0,0,0,0,0,0,0,0,0,0,0,0,0,0,0,0,0,0,0,0,0,0,0,0,0,0,0,0,0,0,0,0,0,0,0,0,0,0,0,0,0,0,0,0,0,0,0,0,Eukaryota;Chordata;Actinopteri;Carangiformes;Carangidae;Uraspis;Uraspis helvola
0,0,0,0,0,0,0,0,0,0,0,0,0,0,0,0,0,0,0,0,0,0,0,0,0,0,0,0,0,0,0,0,0,0,0,0,0,0,0,0,0,0,0,0,0,0,0,0,0,0,0,0,0,0,0,0,0,0,0,0,0,0,0,0,0,0,0,0,0,0,0,0,0,0,0,0,0,0,0,0,0,0,0,0,0,0,0,0,0,0,0,0,0,0,0,0,0,0,0,0,0,0,0,0,0,0,0,0,0,0,0,0,0,0,0,0,0,39,0,0,0,0,0,0,0,0,0,0,0,0,0,0,0,0,0,0,0,0,0,0,0,0,0,0,0,0,0,0,0,0,0,0,0,0,0,0,0,0,0,0,0,0,0,0,0,0,0,0,0,0,0,0,0,0,Eukaryota;Chordata;Actinopteri;Salmoniformes;Salmonidae;Oncorhynchus;Oncorhynchus keta
75,0,160,117,105,0,1816,75,246,213,0,6793,111,8,98,263,1091,584,357,1985,480,4422,713,103,593,482,329,191,42,58,106,461,51,74,247,205,29,136,0,39,1117,1113,504,71,368,343,68,101,13,0,0,34,0,15,0,0,0,0,564,0,0,0,35,82,24,42,16,0,0,21,0,240,23,275,0,331,857,230,0,131,0,0,283,1284,27,127,0,0,0,38,195,1475,894,1554,55,453,721,0,242,1683,423,1439,50,462,778,2719,3331,534,5048,2681,855,3958,3417,569,2065,1134,799,398,1880,888,2893,1139,9711,658,942,236,217,0,220,1653,172,2900,425,223,1702,0,817,47,0,0,0,0,0,0,0,0,0,0,0,0,3398,1667,116,175,171,26,5708,750,176,178,1488,458,53,176,113,2521,0,283,923,80,364,1333,7,118,Eukaryota;Chordata;Actinopteri;;Embiotocidae;Embiotoca;Embiotoca jacksoni
0,0,0,0,0,0,0,0,0,0,0,0,0,0,0,0,0,0,0,0,0,0,0,0,0,0,0,0,0,0,0,0,0,0,0,0,0,0,0,0,0,0,0,0,0,0,0,0,0,0,0,0,0,0,0,0,0,0,0,0,0,0,0,0,0,0,0,0,0,0,0,0,0,0,0,0,0,0,0,0,0,0,0,0,0,0,0,0,0,0,0,0,39,0,0,0,0,0,0,0,0,0,0,0,0,0,0,0,0,0,0,0,0,0,0,0,0,0,0,0,0,0,0,0,0,0,0,0,0,0,0,0,0,0,0,0,0,0,0,0,0,0,0,0,0,0,0,0,0,0,0,0,0,0,0,0,0,0,0,0,0,0,0,0,0,0,0,0,0,0,0,0,0,0,Eukaryota;Chordata;Actinopteri;Ophidiiformes;Ophidiidae;Chilara;Chilara taylori
1245,4304,0,3232,0,0,0,0,0,5,0,277,0,0,0,3,0,0,421,0,707,2036,4329,468,0,0,26,0,0,0,0,0,87,0,0,0,88,710,134,24,117,27,0,0,1136,4548,30,814,0,0,0,0,0,0,0,0,0,0,0,0,0,0,0,439,503,0,442,14,2670,933,179,0,126,0,424,0,0,0,0,0,0,0,0,0,4007,0,0,15,8,22,0,444,0,0,0,703,193,0,0,0,0,7,0,0,11,0,0,0,0,0,67,18,0,383,0,6,0,0,240,0,0,0,0,8,18,0,12,0,77,0,51,0,158,17,41,0,0,0,0,47,0,0,0,0,0,0,0,0,0,0,140,0,0,0,23,0,19,28,0,0,25,0,0,0,0,0,0,0,0,0,0,0,0,0,Eukaryota;Chordata;Actinopteri;Pleuronectiformes;Pleuronectidae;Pleuronichthys;Pleuronichthys ritteri
0,0,0,0,0,0,0,0,0,0,0,0,0,0,0,0,0,0,0,0,0,0,0,0,0,0,0,0,0,0,0,0,0,0,0,0,0,0,0,0,0,0,0,0,0,0,0,0,0,0,0,0,0,0,0,0,0,0,0,0,0,0,0,0,0,0,0,0,0,0,0,0,0,0,0,0,0,0,0,0,0,0,0,0,0,0,0,0,0,0,0,0,0,0,0,0,0,0,0,0,0,0,0,0,0,0,29,0,0,0,0,0,0,0,0,0,0,0,0,0,0,0,0,0,0,0,0,0,0,0,0,0,0,0,0,0,0,0,0,0,0,0,0,0,0,0,0,0,0,0,0,0,0,0,0,0,0,0,0,0,0,0,0,0,0,0,0,0,0,0,0,0,0,0,Eukaryota;Chordata;Actinopteri;;Embiotocidae;Phanerodon;Phanerodon furcatus
0,122,0,26,23,66,0,300,105,77,0,597,116,169,13,30,131,34,411,24,171,603,15,7,0,0,0,23979,846,0,0,711,298,0,254,0,0,350,42,61,88,73,451,0,207,230,95,89,0,0,0,0,997,0,0,0,17,0,0,0,0,0,0,18,170,7,19,22,109,19,205,0,0,725,41,6,15,0,10,0,0,41,0,537,23,0,355,0,11,22,0,0,32,1244,0,49,36,0,0,52,0,11,14,10,564,199,286,584,1696,27,97,717,66,0,11,20496,159,32,148,498,44,173,222,32,192,0,1371,1206,54,526,6,29,111,608,227,4,0,0,30,0,0,0,35,0,0,0,0,0,0,35,1773,376,163,210,1864,27,221,905,262,173,66,3374,0,0,0,30,0,0,0,0,0,0,0,0,Eukaryota;Chordata;Actinopteri;;Sciaenidae;Cheilotrema;Cheilotrema saturnum
0,0,0,0,0,0,0,0,0,0,0,0,0,0,0,0,0,0,0,0,0,0,0,0,0,0,0,0,0,0,0,0,0,0,0,0,0,0,0,0,0,0,0,0,0,0,0,0,0,0,0,0,0,0,0,0,0,0,0,0,0,0,0,0,0,0,0,0,0,0,0,0,0,0,0,0,0,0,0,0,0,0,0,0,0,0,0,0,0,0,0,0,0,0,0,0,0,0,0,0,0,0,0,0,0,0,0,0,0,0,0,0,0,0,0,0,0,0,0,0,0,0,0,0,0,0,0,0,0,0,0,0,0,281,12,0,0,0,0,0,0,0,0,0,0,0,0,0,0,0,0,0,0,0,0,0,0,0,0,0,0,0,0,0,0,0,0,0,0,0,0,0,0,0,Eukaryota;Chordata;Actinopteri;Pleuronectiformes;Pleuronectidae;Hippoglossus;Hippoglossus stenolepis
0,0,0,0,0,0,0,0,0,0,0,0,0,0,0,0,0,0,0,0,0,0,0,0,0,0,0,0,0,0,0,0,0,0,0,0,0,0,0,0,0,0,0,0,0,0,0,0,0,0,0,0,0,0,0,0,0,0,0,0,0,0,0,0,0,0,0,0,0,0,0,0,0,0,0,0,0,0,0,0,0,0,0,0,0,0,0,0,0,0,0,0,0,0,0,0,0,0,0,0,0,0,0,0,0,0,0,0,0,0,0,0,0,0,0,0,0,0,0,0,0,0,0,0,0,0,0,0,0,0,0,0,0,0,0,0,0,0,0,0,0,0,0,0,0,0,0,0,0,0,0,0,0,0,0,0,0,0,0,116,0,0,0,0,0,0,0,0,0,0,0,0,0,0,Eukaryota;Chordata;Actinopteri;Beloniformes;Belonidae;Strongylura;Strongylura exilis
44,182,0,436,2140,47,19,47,184,5,0,6,517,3360,860,100,521,818,615,1376,4607,771,976,1523,330,533,185,430,130,142,267,68,14,37,0,245,237,679,105,1030,465,142,92,20,170,572,444,531,0,0,0,0,0,0,54,0,0,0,0,103,2,0,0,246,318,307,170,14,99,341,544,17,49,464,407,0,150,21,194,410,1516,0,1439,806,3660,106,25,0,0,44,0,733,0,17,63,811,19,110,8,14583,4949,2926,1284,1850,2276,7458,4188,9549,8508,2607,3270,353,189,792,234,1328,3274,208,210,303,1325,585,25,2713,873,418,4187,1349,1257,612,635,70,976,1431,2077,0,142,0,0,0,0,0,0,0,0,0,0,0,0,0,1539,1642,765,470,689,257,1050,2034,703,0,0,63,513,82,8,1179,218,196,609,400,3085,1534,202,2745,Eukaryota;Chordata;Actinopteri;Gobiiformes;Gobiidae;;
0,0,0,0,0,0,0,0,0,0,0,0,0,0,0,0,0,0,0,0,0,0,0,0,0,0,0,0,0,0,0,0,0,0,0,0,0,0,0,0,0,0,0,0,0,0,0,0,0,0,0,0,0,0,0,0,0,0,0,0,0,0,0,0,0,0,0,0,0,0,0,0,0,0,0,0,0,0,0,0,0,0,0,0,0,0,0,0,0,0,0,0,0,0,0,0,0,0,0,0,0,0,0,0,0,0,0,97,0,0,0,0,188,61,7,0,0,0,0,0,0,0,507,0,0,0,0,0,0,0,0,0,0,0,28,0,0,0,0,0,0,0,0,0,0,0,0,0,0,0,0,0,0,0,0,0,0,0,0,0,0,0,0,0,0,0,0,0,0,0,0,0,0,0,Eukaryota;Chordata;Actinopteri;Salmoniformes;Salmonidae;Oncorhynchus;Oncorhynchus tshawytscha
0,0,0,0,0,0,0,0,0,0,0,0,0,0,0,0,0,0,0,0,0,0,0,0,0,0,0,0,0,0,0,0,0,0,0,0,0,0,0,0,0,0,0,0,0,0,0,0,0,0,0,0,0,0,0,0,0,0,0,0,0,0,0,0,0,0,0,0,0,0,0,0,0,0,0,0,0,0,0,0,0,0,0,0,0,0,0,0,0,0,0,0,0,0,0,0,0,0,0,0,0,0,0,0,0,0,0,0,0,0,0,0,0,0,0,0,0,0,0,0,0,0,0,0,0,0,0,0,0,0,0,0,0,0,0,0,0,0,0,0,0,0,0,0,0,0,0,0,0,0,0,0,95,0,0,0,0,0,0,0,0,0,0,0,0,0,0,0,0,0,0,0,0,0,Eukaryota;Chordata;Actinopteri;Beloniformes;Belonidae;Cololabis;Cololabis saira
0,0,0,0,0,0,0,0,0,0,0,0,0,0,0,0,0,0,0,0,0,0,0,0,0,0,0,0,0,0,0,0,0,0,0,0,0,0,0,0,0,0,0,0,0,0,0,0,0,0,0,0,0,0,0,0,0,0,0,0,0,0,0,0,0,0,0,0,0,0,0,0,0,0,0,0,0,0,0,0,0,0,0,0,0,0,0,0,0,0,0,0,0,0,0,0,0,0,0,0,0,0,0,0,0,0,0,0,0,0,0,0,0,0,65,0,0,0,0,0,0,0,0,0,0,0,0,0,0,0,0,0,0,0,0,0,0,0,0,0,0,0,0,0,0,0,0,0,0,0,0,0,0,0,0,0,0,0,0,0,0,0,0,0,0,0,0,0,0,0,0,0,0,0,Eukaryota;Chordata;Actinopteri;Beloniformes;Exocoetidae;Cheilopogon;Cheilopogon pinnatibarbatus
0,0,0,0,0,0,0,0,0,0,0,0,0,0,0,0,0,0,0,0,0,0,0,0,0,0,0,0,0,0,0,0,0,0,0,0,0,0,0,0,0,0,0,0,0,0,0,0,0,0,0,0,0,0,0,0,0,0,0,0,0,0,0,0,0,0,0,0,0,0,0,0,0,0,0,0,0,0,0,0,0,0,0,0,0,0,0,0,0,0,0,0,0,0,0,0,0,0,0,0,0,0,0,0,0,0,0,0,0,0,0,0,0,0,0,0,0,0,0,0,0,0,0,0,0,0,0,0,0,0,0,0,0,0,64,0,0,0,0,0,0,0,0,0,0,0,0,0,0,0,0,0,0,0,0,0,0,0,0,0,0,0,0,0,0,0,0,0,0,0,0,0,0,0,Eukaryota;Chordata;Actinopteri;Perciformes;Zaniolepididae;Zaniolepis;Zaniolepis latipinnis
0,0,0,0,0,0,0,0,0,0,0,0,0,0,0,0,0,0,0,0,0,0,0,0,0,0,0,0,0,0,0,0,0,0,0,0,0,0,0,0,0,0,0,0,0,0,0,0,0,0,0,0,0,0,0,0,0,0,0,0,0,0,0,0,0,0,0,0,0,0,0,0,0,0,0,0,0,0,0,0,0,0,0,0,0,0,0,41,0,0,0,0,0,0,0,0,0,0,0,0,0,0,0,0,0,0,0,0,0,0,0,0,0,0,0,0,0,0,0,0,0,0,0,0,0,0,0,0,0,0,0,0,0,0,0,0,0,0,0,0,0,0,0,0,0,0,0,0,0,0,0,0,0,0,0,0,0,0,0,0,0,0,0,0,0,0,0,0,0,0,0,0,0,0,Eukaryota;Chordata;Mammalia;Artiodactyla;Ziphiidae;Ziphius;Ziphius cavirostris
0,0,0,0,0,0,0,0,0,0,0,0,0,0,0,0,0,0,0,0,0,0,0,0,0,0,0,0,0,0,0,0,0,0,0,0,0,0,0,0,0,0,0,0,0,0,0,0,0,0,0,0,0,0,0,0,0,0,0,0,0,0,0,0,0,0,0,0,0,0,0,0,0,0,0,0,0,0,0,0,0,0,0,0,0,0,0,0,0,0,6,0,0,0,0,0,0,0,0,0,0,0,0,0,0,0,0,0,0,0,0,0,0,0,0,0,0,0,0,0,0,0,0,0,0,0,0,0,0,0,0,0,0,0,0,0,0,0,0,0,0,0,0,0,0,0,0,0,0,0,0,0,0,0,0,0,0,0,0,0,0,0,0,0,0,0,0,0,0,0,0,0,0,0,Eukaryota;Chordata;Actinopteri;Gobiiformes;Gobiidae;Rhinogobiops;Rhinogobiops nicholsii
0,0,0,0,0,0,0,0,0,0,0,0,0,0,0,0,0,0,0,0,0,0,0,0,0,0,0,0,0,0,0,0,0,0,0,0,0,0,0,0,0,0,0,0,0,0,0,0,0,0,0,0,0,0,0,0,0,0,0,0,0,0,0,0,0,0,0,0,0,0,0,0,0,0,0,0,0,0,0,0,0,0,0,0,0,0,0,0,0,0,0,1,0,0,0,0,0,0,0,0,0,0,0,0,0,0,0,0,0,0,0,0,0,0,0,0,0,0,0,0,0,0,0,0,0,0,0,0,0,0,0,0,0,0,0,0,0,0,0,0,0,0,0,0,0,0,0,0,0,0,0,0,0,0,0,0,0,0,0,0,0,0,0,0,0,0,0,0,0,0,0,0,0,0,Eukaryota;Chordata;Actinopteri;Istiophoriformes;;;
13,359,0,5288,3198,0,46,1174,851,129,248,1152,0,0,0,0,0,0,0,0,0,0,0,0,130,348,218,582,482,820,366,321,192,0,197,116,0,82,0,0,0,0,0,0,60,0,0,0,0,0,0,0,0,0,0,0,0,329,0,0,0,0,0,0,0,0,0,0,0,0,0,0,0,0,0,0,0,0,0,0,0,0,0,0,0,0,0,102,10474,42,329,1842,4196,1310,697,0,1590,963,0,0,41,0,0,0,0,0,0,0,132,0,0,3206,3751,3121,1209,298,3883,6625,3468,5352,10563,6603,1491,0,0,54,18,0,0,0,0,0,34,19,968,0,0,0,0,0,0,0,0,0,0,0,0,0,0,0,0,0,0,0,0,0,0,0,0,0,0,0,0,0,0,0,0,0,0,0,0,0,0,0,Eukaryota;Chordata;Actinopteri;Scombriformes;Scombridae;Sarda;Sarda chiliensis
0,0,92,325,25,2537,9,56,33,25,0,835,0,0,2264,55,0,0,0,2431,0,0,936,3,0,72,537,56,66,25,0,79,5,62,91,0,13,706,632,3,13,10,165,3,31,0,0,9,285,12254,0,0,0,0,1176,0,0,0,0,0,198,0,0,0,8,0,145,0,21,171,349,47,0,0,0,0,7,0,0,131,0,0,437,67,0,180,0,4914,58,6,1225,786,156,1936,1554,24,459,612,913,3,0,19,929,0,617,95,57,1563,584,1670,78,28,1411,281,3803,47,52,0,0,99,3182,14423,84,277,202,27,54,186,101,124,0,4,374,833,2167,0,0,1344,0,172,0,232,0,0,0,0,0,913,30,0,0,30,74,243,0,0,0,130,0,15,79,0,0,0,0,239,0,26,0,53,1431,37,100,259,Eukaryota;Chordata;Actinopteri;Carangiformes;Carangidae;Trachurus;Trachurus symmetricus
0,41,0,0,1928,0,0,179,0,0,0,0,0,156,0,0,0,0,94,0,0,0,0,0,267,0,2199,2553,5,0,0,0,0,0,0,0,0,0,0,50,0,0,28,0,0,0,0,0,0,0,0,0,0,0,0,0,0,0,0,0,0,0,0,200,985,0,393,241,0,66,63,1396,133,60,2874,0,0,0,0,0,208,0,0,1222,0,0,0,0,0,0,0,0,0,0,0,0,0,0,0,0,0,0,0,0,0,0,0,0,0,0,0,0,0,0,0,0,0,0,0,0,0,0,0,0,0,0,0,0,33,0,0,0,0,0,0,0,0,0,0,0,0,0,0,0,0,0,0,0,0,0,0,0,0,0,0,0,0,11,0,0,0,0,0,0,0,0,0,0,0,0,0,0,0,0,Eukaryota;Chordata;Chondrichthyes;Heterodontiformes;Heterodontidae;Heterodontus;Heterodontus francisci
12,17,0,138,696,0,0,0,0,0,0,0,0,1092,0,0,0,0,12,0,378,0,0,0,19,0,678,32,7,152,82,46,0,246,0,0,0,0,0,0,0,0,0,0,21,0,0,0,185,0,0,0,459,0,0,0,0,0,1612,163,127,60,47,0,0,0,21,80,0,212,0,180,0,108,0,0,0,19,0,403,310,0,139,1978,335,3492,0,0,160,44,27,0,0,0,53,0,0,0,0,0,67,0,0,0,40,815,0,1839,0,0,0,267,0,161,393,1454,889,529,1297,745,788,9261,0,15,0,0,0,0,57,0,0,0,0,0,236,0,688,0,0,0,0,0,0,0,457,141,0,0,0,3650,130,75,324,0,0,123,0,64,0,347,234,1677,62,0,20,252,184,238,502,96,0,12,3563,1330,Eukaryota;Chordata;Actinopteri;;Sciaenidae;Menticirrhus;Menticirrhus undulatus
279,11,0,997,0,1333,30,45,43,122,12,0,0,353,0,0,0,0,0,0,0,135,41,0,21,264,1740,1165,1324,3884,3299,2429,2187,270,1976,708,0,33,0,37,0,0,0,0,0,0,0,0,11,0,0,0,0,0,0,831,0,0,0,0,0,0,0,0,12,0,0,0,0,0,0,0,0,0,0,0,0,0,0,53,69,0,0,0,3245,44,0,24,30,4640,59,1572,777,245,17,485,244,887,5435,0,0,27,0,0,0,0,0,2830,0,0,0,951,4145,1469,13786,2519,12844,38807,21054,17084,28769,34434,19822,0,608,0,0,254,28,0,0,0,23,40,0,0,10003,15,0,0,0,0,0,0,42,0,471,0,0,0,0,0,0,0,0,0,171,8,0,0,0,0,0,0,0,78,0,44,1063,371,0,0,0,0,Eukaryota;Chordata;Actinopteri;Atheriniformes;Atherinopsidae;Leuresthes;Leuresthes tenuis
0,3089,943,26,0,0,0,0,1173,177,2221,0,29,0,0,0,0,0,0,0,0,0,2987,0,215,354,2233,99,1470,1847,368,4091,0,0,0,74,0,0,183,0,0,0,0,0,26,0,23,0,0,0,0,0,0,0,0,0,0,0,0,0,0,0,0,0,0,0,0,0,0,0,0,0,0,0,279,0,0,0,0,0,0,0,0,0,0,0,0,10,4,0,162,0,0,0,0,0,8,11,0,0,0,0,0,0,0,0,0,33,0,0,0,56,9,68,83,0,32,227,488,1837,0,0,8,0,0,0,0,0,0,0,0,0,0,0,0,0,0,0,0,0,0,0,0,0,0,0,0,0,0,0,0,0,0,0,0,0,0,0,0,0,0,0,0,0,0,0,0,0,0,0,0,0,0,0,Eukaryota;Chordata;Actinopteri;;Malacanthidae;Caulolatilus;Caulolatilus princeps
135,40,20,0,56,37,0,5,46,767,5756,16,0,0,0,0,0,0,0,0,2,0,0,0,104,0,0,57,0,0,0,0,0,0,0,0,0,73,7,0,0,106,5,0,0,15,0,50,0,788,0,0,0,0,0,26,1678,0,0,0,0,0,0,36,302,360,0,52,0,46,0,922,5,1198,0,0,470,0,0,0,0,0,22,760,0,0,6,60,15,20,44,38,24,20,465,0,0,0,291,11,0,0,0,0,5,0,203,21,0,0,0,0,0,14,0,2,0,0,0,0,0,0,30,0,0,0,0,0,0,23,8,49,3,6,16,0,12,0,0,0,0,0,0,64,0,0,0,0,0,0,5,276,5,0,34,21,22,26,4,21,75,832,0,86,21,0,0,0,0,0,0,0,0,0,Eukaryota;Chordata;Actinopteri;Pleuronectiformes;Cynoglossidae;Symphurus;Symphurus atricaudus
1539,0,21,325,2752,39,590,2641,985,527,636,58,0,0,0,0,0,0,0,0,0,17,0,0,103,944,128,0,80,402,294,203,397,200,698,237,0,133,0,0,0,0,3071,358,0,0,0,0,0,0,0,0,0,0,0,0,0,0,0,0,0,0,0,0,0,0,0,0,0,0,0,0,0,0,0,0,0,0,0,0,0,7,0,0,0,0,0,184,273,128,469,3186,1501,4019,7539,2445,3265,4837,550,0,0,13,0,0,0,0,0,2608,0,0,0,842,458,340,4509,1257,499,704,2048,4267,20607,11787,39956,69,1139,51,64,0,208,0,0,18,0,0,0,0,0,0,0,0,0,0,0,0,0,0,0,0,0,0,0,0,0,0,0,0,0,0,0,0,0,0,0,0,0,0,0,0,0,0,0,0,238,0,Eukaryota;Chordata;Actinopteri;Scombriformes;Scombridae;Thunnus;
357,0,13,2041,0,0,0,0,0,0,0,0,9,3585,34,1786,383,555,149,662,1117,460,842,241,67,240,41,52,10,177,0,0,414,0,0,163,240,153,287,225,534,19,152,13,1936,189,84,1278,0,0,0,0,0,0,0,0,0,0,0,0,0,0,0,8,0,14,71,14,93,146,342,47,19,30,7,0,0,0,0,0,0,77,0,41,0,188,0,0,290,2338,0,949,0,108,259,63,424,454,0,0,0,18,411,298,133,3630,250,6181,2151,1043,1947,443,6296,274,156,1064,547,135,1061,965,45,109,0,3435,1091,265,266,584,1008,2060,272,266,187,219,622,0,0,0,0,0,0,0,0,0,0,0,0,0,0,0,287,4553,0,196,432,0,262,247,253,142,72,203,0,0,0,0,0,0,0,94,0,53,0,0,Eukaryota;Chordata;Actinopteri;;Embiotocidae;Cymatogaster;Cymatogaster aggregata
364,922,21,850,383,26,68,507,72,564,200,461,303,903,0,115,97,0,0,178,142,0,0,0,43,189,88,534,15,329,668,343,0,1435,0,131,0,0,0,0,0,0,0,0,32,0,277,0,72,0,0,76,0,0,41,0,0,0,0,0,0,0,231,21,0,0,30,0,0,0,19,50,550,0,99,328,0,0,0,669,56,0,61,33,531,0,0,826,291,335,728,112,418,1346,1829,1300,284,0,358,48,27,26,0,211,347,0,951,380,758,103,166,176,285,710,690,4223,1542,738,2276,5973,2573,1600,358,45,0,62,0,0,154,42,0,0,283,0,2470,0,0,0,0,56,0,0,0,550,556,455,0,431,607,3743,0,253,0,0,92,133,68,172,0,0,0,218,210,0,48,70,172,0,185,0,280,13,41,0,Eukaryota;Chordata;Actinopteri;Perciformes;Serranidae;Paralabrax;Paralabrax clathratus
361,40,0,76,41,13,0,36,848,0,0,159,117,4,21,0,0,17,123,0,0,417,0,0,0,262,850,180,46,326,20,18,0,0,0,341,0,210,0,71,98,0,18,0,47,169,30,111,0,0,0,0,0,0,0,349,0,0,0,0,0,1572,0,55,31,1019,54,12,25,268,375,49,7,883,68,8,0,7,0,53,180,0,0,0,501,0,189,794,1403,701,147,356,0,1647,0,954,199,0,459,0,3654,266,0,0,0,157,960,0,203,5,559,1241,251,123,669,2195,881,126,377,459,283,20488,649,3640,290,278,36,0,505,300,2338,130,883,391,5,0,0,0,0,0,0,66,0,0,156,0,78,0,1236,88,771,0,0,255,0,1075,396,1429,659,0,4497,321,613,0,0,97,0,0,24,0,0,0,2,15,Eukaryota;Chordata;Actinopteri;Pleuronectiformes;Paralichthyidae;Paralichthys;Paralichthys californicus
0,88,0,692,161,1929,0,5742,0,33,0,0,26,0,0,0,0,0,39,0,0,0,0,0,0,93,0,0,0,8,18,0,0,4,0,24,0,27,0,0,0,0,0,0,86,252,48,199,0,0,0,49,0,0,0,0,0,0,0,0,0,0,0,0,58,0,0,20,4,369,0,107,8,3080,12,338,14,0,0,0,0,0,0,0,0,0,0,3001,882,0,667,700,33,1110,111,979,1437,136,0,0,0,0,0,0,0,0,28,0,5,0,53,187,0,35,55,148,0,0,0,107,39,123,1138,192,676,2723,20,0,3379,0,26,55,693,348,120,692,0,0,0,0,0,75,0,0,0,35,0,4500,0,0,2567,505,2740,59,226,0,932,1457,838,260,672,568,0,0,0,0,0,0,0,0,0,59,0,0,Eukaryota;Chordata;Actinopteri;Labriformes;Labridae;Bodianus;Bodianus pulcher
0,538,0,0,14,233,174,23,6,30,0,81,0,0,0,0,0,0,0,0,0,0,0,0,57,30,59,156,934,167,5,0,0,7,0,0,0,0,0,0,0,0,0,57,0,0,0,0,89,0,0,0,0,0,62,2047,0,0,0,0,0,0,0,0,0,7,0,9,0,0,43,0,0,0,279,58,4581,53,132,54,380,1433,270,432,179,157,1553,0,441,91,125,392,0,0,93,87,254,1094,0,0,0,0,0,0,0,0,27,0,648,0,0,0,699,5,3450,16,97,416,79,374,368,279,502,0,0,0,0,0,1681,0,0,0,0,0,0,1655,1803,0,0,0,0,266,0,0,0,0,0,2383,0,0,2385,17,0,0,0,1365,0,0,0,255,5884,0,17,453,29,1747,772,381,20,224,700,178,72,5055,Eukaryota;Chordata;Actinopteri;Centrarchiformes;Kyphosidae;Girella;Girella nigricans
0,0,0,0,0,0,0,0,0,0,0,0,0,0,0,0,0,0,0,0,0,0,0,0,0,0,0,0,0,0,0,0,0,0,0,0,0,2,0,0,0,0,0,0,0,0,0,102,379,0,0,0,0,0,0,0,0,0,0,0,0,0,0,0,0,0,28,1238,0,0,0,0,0,0,0,0,2916,0,0,0,0,0,0,0,0,0,0,0,0,0,0,0,0,0,0,0,0,0,0,0,0,0,0,0,0,0,0,0,0,0,0,0,0,0,0,0,0,0,0,0,0,0,0,0,0,0,0,0,0,0,0,0,0,0,0,0,0,0,0,0,0,0,0,0,0,0,0,0,0,0,0,0,0,0,0,0,0,0,0,0,0,0,0,0,0,0,0,0,0,0,0,0,0,0,Eukaryota;Chordata;Aves;Charadriiformes;Laridae;Larus;Larus occidentalis
342,62,0,304,333,0,13,293,431,666,0,621,0,0,0,0,40,0,0,0,0,84,0,6,38,138,116,167,60,37,246,127,0,0,0,129,0,20,74,21,50,0,0,4,0,0,33,0,0,0,0,70,312,0,0,12,247,20,205,0,561,0,0,84,128,556,47,311,57,32,113,198,831,1512,161,0,0,0,60,19,0,0,8,0,96,197,231,1427,15,173,9,109,17,137,0,234,27,51,13,0,0,0,0,0,0,0,0,117,0,0,90,2340,203,201,99,365,56,23,1724,1152,243,128,0,67,144,0,82,147,889,45,0,0,64,195,13,0,0,0,0,144,0,122,13,8,259,0,778,157,0,364,127,122,102,1079,560,280,875,528,87,3068,1557,1003,50,0,0,0,0,102,13,0,0,246,0,0,Eukaryota;Chordata;Actinopteri;;Sciaenidae;Seriphus;Seriphus politus
16,7850,0,0,0,0,0,0,0,0,0,0,0,0,0,13,0,0,0,0,0,0,0,190,0,42,254,0,0,8,0,49,32,0,51,0,0,0,0,0,0,0,0,0,11,0,0,0,0,0,0,0,0,0,0,0,0,0,0,0,0,0,0,21,0,352,9,0,3,0,19,0,8,629,23,0,0,0,0,0,0,0,0,0,0,0,0,0,641,1693,0,60,0,0,0,0,183,0,0,0,28,0,0,0,0,0,0,0,0,0,0,1062,0,24,73,58,58,193,13,0,166,0,504,0,0,0,0,0,0,0,0,0,0,0,0,0,0,0,0,0,0,0,0,0,0,0,0,0,0,0,0,0,52,96,433,60,0,0,102,4864,164,0,0,0,0,0,0,0,0,0,0,0,0,0,Eukaryota;Chordata;Actinopteri;Carangiformes;Carangidae;Seriola;Seriola dorsalis
91,0,24,6,98,0,0,1406,0,464,0,554,0,0,0,0,0,0,0,0,0,0,0,0,0,0,0,0,0,0,0,0,0,0,0,0,0,0,0,0,0,0,0,0,0,0,0,0,0,0,0,0,0,0,1587,22,0,720,6466,947,20,156,0,0,7,349,62,32,53,112,67,52,0,174,100,0,0,577,0,0,0,0,0,0,0,0,0,0,0,6,0,0,0,0,0,0,3,0,0,0,0,0,0,0,0,0,0,0,0,0,0,0,0,0,0,0,0,0,2,0,0,0,0,0,0,0,0,0,0,0,0,0,0,0,0,0,0,0,0,0,0,0,0,0,0,0,0,0,0,0,9,0,0,0,0,0,0,0,0,0,0,0,0,0,0,0,0,0,0,0,0,0,0,0,Eukaryota;Chordata;Chondrichthyes;Lamniformes;Alopiidae;Alopias;Alopias vulpinus
0,2219,0,0,0,0,0,134,0,0,0,115,0,0,0,0,0,0,0,0,0,0,0,0,0,0,0,0,0,0,0,0,0,13,0,0,55,212,0,183,498,0,7,0,138,743,222,0,0,0,0,0,2,0,0,0,0,0,0,0,0,0,0,13,0,8,40,128,0,33,588,5,0,0,0,0,0,0,0,0,0,0,0,0,0,0,0,0,0,0,0,0,0,0,0,0,0,0,0,0,0,0,0,0,0,0,0,0,0,0,0,0,0,0,0,0,0,0,0,0,0,0,0,0,0,0,0,0,0,0,0,0,0,0,0,0,0,0,0,0,0,0,0,0,0,0,0,0,0,0,0,0,0,0,0,0,0,0,0,0,0,0,0,0,0,0,0,0,0,0,0,0,0,0,Eukaryota;Chordata;Chondrichthyes;Rajiformes;Rajidae;Raja;Beringraja inornata
550,653,93,143,1725,5779,12160,538,740,2737,797,3008,1905,3172,2272,14543,7572,8985,3354,9842,10241,9240,10891,9639,906,2656,3382,1371,3391,6917,6324,2643,18529,6059,3175,3144,499,13666,1015,13131,9827,690,4085,422,4537,2074,4750,3451,4522,117,0,4172,7144,0,480,17,2476,216,1635,5638,0,691,153,415,95,669,875,16,602,1916,2514,3246,3981,1468,766,1728,2321,1905,2867,591,3373,343,2687,4276,7954,1671,5024,0,0,0,7,9,0,133,15,19,0,42,0,11,13,0,5,19,118,14,52,255,25,17,25,0,27,5,19,8,0,21,29,19,249,149,53,0,11,6,14,107,40,32,26,0,0,3,9,0,0,0,0,0,0,0,4,0,0,0,0,0,42,7,0,10,0,0,0,0,0,8,0,0,18,16,0,0,0,0,0,0,0,0,0,16,0,7,Eukaryota;Chordata;Chondrichthyes;Myliobatiformes;Myliobatidae;Myliobatis;Myliobatis californica
21,0,0,0,0,0,276,0,0,0,0,222,53,0,0,0,0,177,102,0,131,311,0,36,287,1039,223,119,0,0,123,0,30,0,0,151,0,47,0,281,0,253,0,0,189,0,0,20,0,0,0,0,0,0,0,0,0,0,0,0,0,0,0,0,100,0,0,51,500,0,48,26,0,928,0,0,0,0,0,0,231,0,0,0,0,0,0,151,0,0,316,0,0,0,0,0,190,715,0,0,0,0,0,159,92,330,5479,391,0,0,2966,5490,904,688,72,594,327,1426,1629,410,121,0,0,249,151,26,135,2225,0,97,461,107,132,0,0,0,0,0,0,0,0,0,0,0,0,0,0,0,0,0,701,125,281,3072,0,33,200,0,35,628,1145,443,0,0,0,0,0,0,0,112,0,0,0,0,Eukaryota;Chordata;Actinopteri;;Embiotocidae;Phanerodon;
0,0,0,0,0,0,0,0,69,0,0,0,0,0,0,0,0,0,0,0,0,0,0,40,0,0,0,0,25,0,35,0,0,0,0,0,0,0,0,0,0,0,0,0,0,0,0,0,0,0,0,0,0,0,0,0,0,0,0,0,0,0,0,0,0,7,99,24,0,0,0,190,818,18,0,0,214,0,28,24,0,9,0,14,1626,60,0,0,0,0,0,0,0,0,0,0,0,0,0,0,0,0,0,0,0,0,0,0,0,0,0,0,0,0,0,0,8,0,7,0,0,0,0,0,0,0,0,0,0,0,0,0,0,0,0,0,0,0,0,0,0,0,0,0,0,0,0,0,0,0,0,0,0,0,0,0,0,0,0,0,0,0,0,0,0,0,0,0,0,0,0,0,0,0,Eukaryota;Chordata;Chondrichthyes;Carcharhiniformes;Triakidae;Triakis;Triakis semifasciata
38,9,0,0,3045,0,0,45,0,444,25,0,0,0,0,29,0,0,0,0,11,0,111,0,0,0,0,30,0,18,9,0,0,197,0,0,11,276,0,28,0,0,5,0,5,11,30,0,0,0,0,0,0,0,0,7,0,0,174,0,0,80,44,0,247,0,0,0,0,65,358,0,0,0,0,0,75,0,0,0,0,0,159,0,0,0,0,0,6,0,0,0,0,4,0,0,0,0,0,0,0,0,0,0,0,0,0,0,0,0,0,0,0,0,0,0,0,0,0,0,0,0,0,0,0,0,0,0,0,7,0,7,0,0,0,0,0,0,0,0,0,0,0,0,0,0,0,0,0,0,0,0,0,0,0,0,0,0,0,0,0,0,0,0,0,15,0,0,0,0,0,0,0,0,Eukaryota;Chordata;Mammalia;Artiodactyla;Delphinidae;Tursiops;Tursiops truncatus
0,0,0,181,0,0,1447,0,0,199,0,0,0,0,0,0,0,0,0,0,0,0,0,0,0,249,600,335,388,183,646,50,0,0,425,1045,0,188,0,11,81,0,74,0,0,309,0,0,0,0,0,0,0,0,0,0,0,0,0,0,0,0,0,0,0,0,0,0,0,0,0,0,0,0,0,0,0,0,0,0,0,0,0,0,0,0,0,100,0,0,0,0,0,0,0,0,0,0,91,0,0,0,0,0,0,0,0,767,0,0,0,840,1164,2096,7538,2523,2780,11802,1528,422,1008,185,631,0,0,0,108,0,108,292,140,0,183,812,1577,0,0,0,0,0,0,0,0,0,0,0,0,0,0,0,0,0,0,0,0,0,0,0,0,0,0,0,0,0,0,0,0,0,0,0,0,0,0,0,Eukaryota;Chordata;Actinopteri;Scombriformes;Scombridae;Thunnus;Thunnus alalunga
0,0,0,0,0,5,0,0,0,0,0,16,0,0,0,0,0,0,0,0,18,0,0,0,0,0,0,0,0,0,0,18,7,0,0,0,0,0,0,0,0,0,0,0,0,0,0,0,10,0,0,0,0,0,0,0,0,0,0,0,0,0,0,0,0,0,0,0,0,0,0,0,5,0,0,0,0,32,323,0,76,12,83,70,621,887,0,0,0,0,0,0,0,0,0,0,0,0,0,0,0,14,0,0,0,0,0,0,0,0,0,0,40,184,0,0,0,0,0,0,0,0,0,0,0,0,0,0,0,0,0,0,0,0,0,0,0,0,0,0,0,0,0,0,0,0,0,0,0,0,0,0,0,0,654,0,0,0,0,11,20,23,0,8,12,47,266,0,29,0,60,5,26,0,Eukaryota;Chordata;Actinopteri;;Sciaenidae;;
0,18,0,0,0,0,0,0,0,0,0,0,5,0,0,0,0,0,0,0,0,0,0,0,0,602,0,0,0,0,0,21,0,0,0,51,0,0,0,0,0,0,0,0,0,0,0,64,0,0,0,0,0,14,0,0,0,50,0,0,0,0,0,19,18,0,0,0,0,0,0,0,0,0,1029,448,0,0,0,0,0,0,0,31,17,0,224,0,0,0,0,0,0,0,0,0,0,0,0,0,0,0,0,0,0,0,0,0,0,0,0,0,0,0,0,0,0,4,0,0,0,0,0,0,0,0,0,0,0,0,0,0,0,0,0,0,0,0,0,0,0,0,0,0,0,0,0,0,0,0,0,0,0,0,0,0,0,0,0,0,0,0,0,0,0,0,0,0,0,0,0,0,0,0,Eukaryota;Chordata;Chondrichthyes;Pristiformes/Rhiniformes group;Rhinobatidae;Pseudobatos;Pseudobatos productus
0,0,0,0,0,0,0,0,0,0,0,0,0,0,0,0,0,0,0,0,0,0,0,0,0,0,0,0,0,0,0,0,0,0,0,166,251,1095,5,342,40,0,0,62,0,0,7,1210,0,0,0,0,0,0,0,0,0,230,0,0,0,0,0,0,0,0,0,0,0,0,0,0,0,0,0,0,0,0,0,0,0,0,0,0,0,0,0,0,0,0,0,0,640,0,0,0,0,0,0,0,0,0,0,0,0,0,0,0,0,0,0,216,0,0,0,0,43,0,0,0,0,0,0,2734,62,223,204,111,0,0,70,224,0,0,73,0,0,0,0,0,0,0,0,0,0,0,0,0,0,0,300,0,0,0,0,0,0,0,0,0,0,0,0,0,0,0,0,17,0,0,0,0,0,0,Eukaryota;Chordata;Actinopteri;;Sphyraenidae;Sphyraena;Sphyraena argentea
0,0,0,0,0,0,0,0,0,0,0,0,0,0,0,0,0,0,0,0,0,0,0,0,0,0,0,0,0,0,0,0,0,0,0,0,0,0,7,0,0,0,0,0,0,0,0,0,0,0,0,0,0,0,0,0,0,0,0,0,0,0,0,0,0,0,0,0,0,0,0,0,0,0,0,0,909,0,0,0,0,0,0,0,0,0,0,0,0,0,47,0,0,0,0,0,0,0,0,0,0,0,0,0,0,0,0,0,0,250,0,13,0,0,0,0,0,0,0,0,0,0,0,0,0,0,0,0,0,0,0,0,0,0,0,0,0,0,0,0,0,0,0,0,0,0,0,0,0,0,0,0,0,0,0,0,0,0,0,0,0,109,0,0,0,0,0,0,0,0,0,0,0,0,Eukaryota;Chordata;Actinopteri;Perciformes;Cottidae;Clinocottus;Clinocottus analis
0,0,159,4,6,17,0,88,0,128,7,314,0,0,0,0,0,0,0,0,0,0,15,0,0,0,0,0,0,0,0,24,0,0,0,0,0,0,0,0,0,0,0,0,0,18,0,0,0,0,0,0,182,0,0,0,512,0,2138,0,0,215,7,0,0,0,0,40,7,0,0,0,0,99,42,0,0,0,0,0,0,0,0,16,0,21,0,523,148,564,21,8,22,106,11,0,0,0,0,0,0,0,0,0,0,0,0,0,0,0,0,77,0,0,0,7,0,0,0,5,0,14,6,0,25,0,0,0,0,67,5,0,7,0,0,8,0,0,33,0,0,1287,106,57,170,134,816,0,0,0,218,16,0,0,0,0,0,0,54,0,15,0,180,0,0,36,0,0,0,0,0,0,0,0,Eukaryota;Chordata;Actinopteri;Aulopiformes;Synodontidae;Synodus;Synodus lucioceps
176,357,26,233,1073,25,0,20,31,0,0,52,0,0,0,0,0,0,0,0,0,45,0,0,0,12,5,0,0,38,0,0,54,0,0,28,0,9,0,8,0,0,0,0,8,0,0,0,0,0,0,0,0,0,183,0,0,5,0,214,0,113,0,0,75,3,92,14,0,79,104,95,0,86,0,0,0,0,0,0,0,0,0,0,0,0,0,2007,579,383,2410,24,63,374,0,0,183,407,0,0,0,0,0,0,0,0,0,0,0,422,0,249,274,0,54,0,0,14,980,0,0,0,0,0,0,49,7,0,0,0,0,0,30,0,59,234,0,221,0,0,0,914,443,0,0,0,0,630,884,32,0,0,75,0,172,988,15,29,0,1380,575,52,0,0,0,0,0,0,0,0,0,0,0,0,Eukaryota;Chordata;Actinopteri;Pleuronectiformes;Paralichthyidae;Citharichthys;Citharichthys stigmaeus
49,0,36,528,1109,158,940,0,774,1528,188,18,0,0,0,0,0,0,0,0,5,79,0,0,0,182,0,0,108,0,49,33,374,0,65,171,6,1176,88,0,0,0,0,0,43,0,0,32,0,0,0,0,0,0,0,0,0,0,0,0,0,0,0,0,0,0,0,0,0,0,0,0,0,0,367,0,0,0,0,0,0,0,0,0,0,0,0,277,755,0,553,0,562,14795,607,797,1796,4588,438,0,0,0,0,0,0,0,1170,549,170,318,0,0,224,0,0,223,71,168,472,617,6841,4018,1480,0,39,0,0,58,0,315,56,0,0,0,0,0,0,0,0,0,0,0,0,0,0,0,0,0,0,0,0,0,0,0,0,0,0,0,0,0,0,0,0,0,0,0,0,0,0,0,0,0,0,0,Eukaryota;Chordata;Actinopteri;Scombriformes;Scombridae;Katsuwonus;Katsuwonus pelamis
0,0,0,0,0,0,0,0,0,0,0,1185,0,0,0,0,0,0,0,0,0,0,0,0,0,0,0,0,0,0,0,0,0,0,0,0,0,0,0,0,0,0,0,0,0,0,0,0,0,0,0,0,0,0,0,0,0,0,0,0,0,0,0,0,0,0,0,0,0,0,0,0,0,0,0,0,0,0,0,0,0,0,0,0,0,0,0,0,0,61,0,0,0,0,0,0,0,0,0,0,0,0,0,0,0,0,0,0,0,0,0,0,0,0,0,0,0,0,0,0,0,0,0,0,0,0,0,0,0,0,0,0,0,0,0,0,0,0,0,0,0,0,0,0,0,0,0,0,0,0,0,0,0,0,0,0,0,0,0,0,0,0,0,0,0,0,0,0,0,0,0,0,0,0,Eukaryota;Chordata;Actinopteri;Perciformes;Cottidae;Chitonotus;Chitonotus pugetensis
34,0,0,0,0,376,0,0,0,0,0,25,0,0,0,0,0,0,0,0,0,0,0,0,0,0,33,0,44,0,147,2,0,0,0,0,0,0,0,0,0,0,0,0,0,0,0,0,0,0,0,0,0,0,0,0,0,0,0,1380,0,0,0,16,0,0,0,0,0,0,0,0,0,0,0,0,0,0,0,0,0,0,0,0,0,0,0,0,0,0,0,0,0,0,0,0,0,0,0,0,0,0,0,0,0,0,0,0,0,0,0,0,0,0,6,0,0,0,0,0,0,0,0,0,0,0,0,0,0,0,0,0,0,0,0,0,0,0,0,0,0,0,0,0,0,0,0,0,0,0,0,0,0,0,0,0,0,0,0,0,0,0,0,0,0,0,0,0,0,0,0,0,0,0,Eukaryota;Chordata;Chondrichthyes;;Platyrhinidae;Platyrhinoidis;Platyrhinoidis triseriata
0,0,0,0,0,0,0,0,0,0,0,0,0,0,0,0,0,0,0,0,0,0,0,0,89,48,559,859,761,0,0,0,0,0,0,0,0,0,0,37,2,8,0,0,0,0,0,0,0,0,0,0,0,0,0,0,0,0,0,0,0,0,0,0,0,0,0,0,0,0,0,0,0,0,0,0,0,0,0,0,0,0,0,0,0,0,0,0,0,0,0,0,0,10,0,0,0,0,0,0,0,0,0,0,0,0,0,0,0,0,0,0,0,0,0,0,25,0,0,4,0,0,3,0,0,0,0,0,0,0,0,0,0,0,0,0,0,0,0,0,0,0,0,0,0,0,0,0,0,0,0,0,0,0,0,0,0,0,0,0,0,0,0,0,0,0,0,0,0,0,0,0,0,0,Eukaryota;Chordata;Actinopteri;Carangiformes;Coryphaenidae;Coryphaena;Coryphaena hippurus
515,0,0,17,8,0,23,0,0,139,35,0,0,0,0,0,0,0,0,63,0,8,0,0,0,259,52,0,594,14,26,188,0,68,0,71,0,0,0,0,0,0,14,0,0,0,0,0,23,4,0,15,0,0,0,21,0,0,0,107,117,0,0,0,8,61,0,0,16,65,0,53,106,71,0,0,0,24,0,0,59,0,0,2,0,125,122,75,0,0,0,0,259,0,210,0,49,890,0,23,0,0,0,0,171,0,0,109,0,1280,0,165,141,0,283,944,0,66,232,85,217,358,120,0,0,0,0,0,0,625,0,0,0,0,55,143,358,0,240,0,0,0,0,0,5809,0,0,0,186,0,0,0,0,0,0,28,0,0,0,89,0,2460,6,0,279,117,71,0,114,61,1110,6,14,0,Eukaryota;Chordata;Actinopteri;Blenniiformes;Blenniidae;Hypsoblennius;Hypsoblennius jenkinsi
7,261,58,99,77,25,21,5,0,0,7,111,0,0,0,0,0,0,0,0,30,0,0,0,0,41,0,0,0,0,0,0,49,0,0,0,0,0,2,9,2,0,0,0,43,0,63,0,0,0,0,0,0,0,0,0,0,0,25,0,0,0,0,0,0,0,74,4,0,0,0,19,0,9,0,0,0,0,0,0,0,0,0,0,0,0,0,92,69,4,7,549,165,43,28,82,89,105,15,3,0,0,0,0,0,0,0,38,0,0,0,18,0,0,0,10,0,0,10,0,0,135,44,0,13,0,0,0,0,0,0,0,13,6,14,0,0,0,0,0,0,76,0,0,0,10,0,0,0,0,0,0,0,131,0,0,0,0,0,9,0,0,0,0,0,0,0,0,0,0,0,0,0,0,Eukaryota;Chordata;Actinopteri;;Pomacentridae;Chromis;Chromis punctipinnis
0,0,124,351,0,0,28,0,0,0,0,1137,0,0,0,0,0,0,0,0,0,0,0,0,0,0,0,0,0,0,0,0,0,0,0,0,0,0,0,0,0,0,0,0,0,0,0,0,0,0,0,0,0,0,0,0,0,0,0,0,0,0,0,0,0,0,0,0,0,0,0,0,0,0,0,0,0,0,0,0,0,0,0,0,0,0,0,0,0,0,0,0,0,0,0,0,0,0,0,0,0,0,0,0,0,0,0,0,0,0,0,0,0,0,0,0,0,0,0,0,0,0,0,0,0,0,0,0,0,0,0,0,0,0,0,0,0,0,0,0,0,0,0,0,0,0,0,0,0,0,0,0,0,0,0,0,0,0,0,0,0,0,0,0,0,0,0,0,0,0,0,0,0,0,Eukaryota;Chordata;Chondrichthyes;Carcharhiniformes;Scyliorhinidae;Cephaloscyllium;Cephaloscyllium ventriosum
534,200,346,15,88,521,157,0,0,1043,0,9,3105,11377,2334,5143,2017,5575,8221,7244,13350,14910,12807,7533,19,592,43,62,0,0,45,0,273,18,134,28,282,265,25,361,341,69,177,154,614,710,686,671,0,0,0,0,0,0,0,0,0,0,0,0,0,0,0,517,1487,1779,532,867,631,563,1335,9850,684,1888,1776,55,610,28,1605,167,9493,843,1028,464,2578,3857,0,0,1984,0,1917,0,0,619,489,3545,346,136,0,17957,23378,10862,5851,11655,27178,39189,49671,26190,36106,23444,29304,163,2488,124,120,85,200,2401,480,0,343,2070,228,1137,8077,613,2647,2222,5639,1703,605,694,6200,3634,2974,0,0,0,0,0,0,708,0,0,0,0,0,0,0,0,26256,14044,3450,940,2645,8430,3156,7012,6361,32787,11427,10100,595,58,163,300,708,3997,379,1398,1004,1241,689,328,Eukaryota;Chordata;Actinopteri;Perciformes;Serranidae;Paralabrax;Paralabrax maculatofasciatus
0,0,0,0,0,0,0,0,0,0,0,0,0,0,0,0,0,0,17,0,0,0,0,610,0,0,0,0,0,0,0,115,0,0,0,0,0,0,0,0,0,0,0,0,0,0,0,0,0,0,0,0,0,0,0,0,0,0,0,0,0,0,0,0,0,0,0,0,0,0,0,0,0,0,0,0,0,0,0,0,0,0,0,0,0,0,0,0,0,0,0,0,0,0,0,0,0,0,0,0,0,0,0,0,0,0,0,0,0,0,0,0,149,0,0,20,116,279,0,0,0,0,0,0,0,0,0,0,0,0,0,0,0,0,0,0,0,0,0,0,0,0,0,0,0,0,0,0,0,0,0,0,0,0,0,0,0,0,0,0,0,0,0,0,20,0,0,0,0,0,0,0,0,0,Eukaryota;Chordata;Actinopteri;Albuliformes;Albulidae;Albula;Albula pacificus
1247,0,0,12,0,0,11,0,0,0,28,291,0,0,6,28,0,0,0,16,0,0,0,12,0,21,220,0,64,0,0,16,16,0,43,0,0,0,0,0,10,0,0,25,0,0,8,11,349,0,0,0,0,0,0,0,0,0,0,16,0,0,0,35,0,0,0,0,4,0,0,0,0,38,0,0,0,0,9,162,103,0,9,0,78,0,0,0,16,0,50,17,153,0,304,0,0,0,0,0,0,0,7,0,0,0,48,54,722,2369,0,2431,364,43,31,0,100,86,210,0,2328,37,407,0,19,0,0,0,0,0,0,87,77,45,151,0,2361,0,0,0,0,134,0,0,0,0,0,3316,0,0,0,0,0,0,396,37,242,337,0,141,6,0,0,43,26,0,0,0,0,143,0,23,52,0,Eukaryota;Chordata;Actinopteri;Blenniiformes;Blenniidae;Hypsoblennius;Hypsoblennius gentilis
0,0,0,0,147,0,0,13,0,0,0,0,0,0,0,0,0,204,17,0,0,0,0,0,10,0,0,0,19,16,0,0,42,27,0,70,0,0,0,0,0,0,0,0,0,0,0,0,0,0,0,0,0,0,0,0,0,0,0,0,0,0,0,0,0,0,0,0,0,0,0,0,0,0,0,0,0,0,0,22,463,0,0,36,0,33,0,0,18,0,0,0,0,0,0,0,0,0,0,0,0,155,0,0,0,22,74,0,175,13,45,0,31,27,69,144,88,78,18,109,120,747,99,0,0,0,0,0,0,0,0,0,0,0,0,0,0,0,0,0,0,0,0,0,0,0,0,0,0,0,0,8,0,0,11,0,0,0,0,0,0,194,0,0,0,22,19,1141,0,0,0,0,0,0,Eukaryota;Chordata;Actinopteri;;Sciaenidae;Umbrina;Umbrina roncador
1218,867,0,3548,0,2950,2139,1874,468,0,2428,765,0,2085,0,0,0,0,0,0,0,196,0,0,6275,0,0,0,0,331,0,0,5016,0,0,0,0,7063,0,0,52,0,149,0,0,0,1229,0,0,0,0,0,843,0,0,5415,1062,0,0,0,4716,0,7475,0,479,0,1070,0,0,0,0,108,823,0,0,0,0,0,0,0,0,0,0,0,0,0,0,0,1562,185,0,0,118,0,0,0,251,1971,55,0,0,0,0,0,0,0,0,782,0,0,0,0,269,0,0,153,0,0,0,0,2798,0,143,0,0,0,0,0,63,87,0,0,0,732,2481,0,0,0,0,0,0,0,0,0,243,0,0,0,1944,0,0,0,0,0,57,0,0,0,0,260,0,0,0,0,0,0,0,0,0,0,0,0,0,0,Eukaryota;Chordata;Actinopteri;Labriformes;Labridae;Halichoeres;Halichoeres californica
0,265,0,0,0,0,0,0,0,431,0,0,0,0,21,0,0,0,0,0,12,0,0,0,0,0,29,0,0,0,0,14,0,0,0,0,6,0,14,128,117,0,0,3,13,56,0,9,0,0,0,0,0,0,0,0,0,0,0,0,0,0,344,0,300,0,6,0,5,0,0,21,0,0,7,0,0,0,0,0,0,0,0,0,0,0,0,13,276,0,3,0,0,318,0,0,0,0,0,0,0,0,0,0,0,96,0,0,0,0,496,0,0,0,970,0,0,0,0,224,27,65,0,33,308,0,0,0,0,0,0,0,39,41,20,0,0,0,0,0,0,0,0,136,12,0,0,0,0,189,0,13,659,150,326,66,255,0,98,0,0,0,0,0,144,0,84,0,0,0,0,0,0,0,Eukaryota;Chordata;Actinopteri;Pleuronectiformes;Paralichthyidae;Xystreurys;Xystreurys liolepis
0,0,0,0,0,0,0,0,0,0,0,0,0,0,0,0,0,0,0,0,0,0,0,5,0,0,0,0,0,13,0,0,0,0,0,0,0,0,0,0,0,0,0,0,0,0,0,0,0,0,0,0,0,0,0,0,0,0,540,0,0,0,0,0,0,0,0,0,0,0,0,0,0,0,0,0,0,0,0,0,0,0,0,0,0,79,0,0,0,0,0,0,0,0,0,0,0,0,0,0,0,0,0,0,0,0,0,0,0,0,0,27,0,0,0,0,0,0,0,0,0,0,0,0,0,0,0,0,0,0,0,0,0,0,0,0,0,0,0,0,0,0,0,0,0,0,15,0,0,0,0,0,0,0,0,0,0,0,0,0,0,0,0,0,0,0,0,0,0,0,0,0,0,0,Eukaryota;Chordata;Actinopteri;Mugiliformes;Mugilidae;Mugil;Mugil cephalus
0,0,0,0,0,0,0,0,0,0,3,0,0,0,0,0,0,0,0,0,284,0,0,0,0,0,0,210,0,0,0,0,0,0,0,0,0,297,0,0,20,0,0,0,0,0,0,0,0,0,0,0,0,0,0,0,0,0,0,0,0,0,0,14,562,0,9,60,8,260,295,0,9,0,143,0,0,0,0,0,0,0,0,0,0,0,0,0,0,0,0,0,0,0,0,0,0,0,0,0,0,0,0,0,0,0,0,0,0,460,0,0,0,0,0,0,0,57,0,0,0,0,0,135,6,0,11,20,1513,0,0,74,9,88,43,0,0,0,0,0,0,0,0,0,0,0,0,0,0,0,2214,412,53,1654,816,0,587,1154,325,0,0,0,0,0,0,0,0,0,0,0,0,0,0,0,Eukaryota;Chordata;Actinopteri;Gobiiformes;Gobiidae;Lepidogobius;Lepidogobius lepidus
0,0,0,0,0,0,0,0,0,0,0,0,0,0,0,0,8,0,0,1158,0,0,0,65,0,0,0,17,0,31,43,0,0,15,0,0,0,0,0,0,0,0,0,0,0,0,0,0,0,0,0,0,0,0,0,0,15,24,0,0,0,0,0,0,0,0,376,94,0,619,11,0,0,0,645,0,0,0,0,0,0,0,0,0,0,0,0,66,0,0,0,0,0,0,0,0,0,0,0,0,124,0,20,0,0,0,284,0,0,0,7,0,0,61,0,0,0,0,111,0,20,0,0,0,133,355,39,0,0,79,0,0,0,5,38,0,0,0,0,0,0,0,0,0,0,0,0,0,0,0,0,0,9,0,0,0,0,357,0,2304,0,0,0,0,0,0,0,54,0,0,0,41,0,0,Eukaryota;Chordata;Actinopteri;Pleuronectiformes;Pleuronectidae;Pleuronichthys;Pleuronichthys guttulatus
1027,6168,592,4557,13564,1201,919,1530,1422,144,211,2852,597,1456,1414,504,540,1858,2822,3100,1921,2027,3436,1627,184,1359,1470,741,107,950,96,152,183,1012,159,591,2712,6598,427,3668,2678,3621,471,557,4716,875,4722,3163,91,3804,0,2184,895,521,144,69,1373,43,1779,874,1013,34,3941,2113,2585,1065,2283,3852,1797,1277,4108,6345,3359,3662,4430,512,564,22,1290,834,1044,435,1236,225,1839,258,634,12209,17585,7674,1950,9388,22705,3605,2054,1132,8548,2435,3097,3265,886,843,1171,640,6774,16360,8224,20647,7302,3775,9662,1046,2457,1694,2720,1147,1253,785,2956,4318,1795,18787,4110,3309,7666,5768,4338,7554,9243,11291,2765,2868,13341,12327,22108,1950,262,19,1412,1365,10,11825,9287,4555,8862,2698,6901,10878,1988,520,21159,15249,9481,4574,28657,14233,20525,19452,11962,15417,18303,22539,717,6635,153,1280,681,1875,687,119,9805,1402,376,273,Eukaryota;Chordata;Actinopteri;Perciformes;Serranidae;Paralabrax;Paralabrax nebulifer
0,0,0,0,0,0,0,0,0,0,0,0,0,0,0,0,0,0,0,0,0,0,0,0,0,0,0,58,0,0,0,0,0,0,0,0,0,0,0,0,0,0,0,0,0,0,0,0,0,0,0,0,0,0,0,0,0,0,0,0,0,0,0,0,0,0,0,0,0,0,522,0,0,0,0,0,0,0,0,0,0,0,0,0,0,0,0,42,20,198,127,47,132,4328,0,0,0,363,88,0,0,0,0,0,0,235,0,0,0,0,0,0,0,0,0,0,0,0,53,31,0,0,0,0,0,0,4725,0,25,0,0,0,74,0,56,0,0,0,0,0,0,0,0,0,0,0,0,0,0,0,0,34,0,0,0,0,49,0,0,0,5373,0,0,0,0,0,0,0,0,0,0,0,0,0,Eukaryota;Chordata;Actinopteri;Perciformes;Sebastidae;Sebastes;
0,204,0,0,536,0,0,0,0,0,0,0,0,0,0,0,0,0,0,0,0,0,0,0,142,0,0,0,33,0,0,0,0,0,0,0,47,0,0,0,0,0,0,0,0,0,0,0,0,0,0,0,0,0,0,0,0,0,0,0,0,0,0,84,0,0,0,0,0,0,0,0,2723,0,0,0,0,0,0,0,0,0,0,25,0,0,0,0,0,146,0,0,0,0,0,0,0,0,0,0,47,397,54,0,0,0,0,0,0,0,0,0,0,96,0,0,114,0,0,0,209,3271,1115,0,329,0,0,0,0,181,0,112,47,158,31,0,222,0,0,0,0,1188,0,0,0,0,0,0,0,0,0,0,103,0,30,0,243,39,0,258,0,245,0,0,0,0,0,0,0,0,0,0,0,0,Eukaryota;Chordata;Actinopteri;;Embiotocidae;Phanerodon;Phanerodon vacca
0,0,0,0,0,0,0,0,0,0,0,0,0,104,0,0,0,0,0,0,117,20,0,0,0,23,9,0,0,196,0,0,0,0,0,0,0,0,0,0,112,0,0,0,0,0,0,0,0,0,0,0,0,0,0,0,0,0,0,0,0,0,0,0,0,0,0,0,0,0,0,0,0,0,0,0,0,0,0,106,0,0,0,0,0,0,0,0,0,0,0,0,0,0,0,0,0,0,0,0,0,0,0,0,0,0,0,0,0,0,0,0,0,0,0,0,0,0,5,0,0,0,0,0,0,0,0,0,0,0,0,0,0,0,0,0,0,0,0,0,0,0,0,0,0,0,0,0,0,0,0,0,0,0,0,0,0,0,0,0,0,0,0,0,0,0,0,0,0,0,0,0,0,0,Eukaryota;Chordata;Aves;Columbiformes;Columbidae;Columba;Columba livia
0,0,0,0,0,0,0,0,145,0,0,0,0,0,0,0,0,0,0,0,0,0,0,0,0,347,35,0,0,0,0,0,0,0,0,83,0,0,0,0,0,0,0,0,0,0,0,0,0,0,0,0,0,0,0,0,0,0,0,0,0,0,0,0,0,0,0,0,0,15,0,0,0,0,0,0,0,0,0,0,0,0,0,940,0,0,1391,0,0,0,0,0,0,0,0,0,0,0,0,0,0,0,0,0,0,0,0,0,0,0,0,0,7,0,0,0,0,0,0,0,0,0,0,0,0,0,0,0,0,0,0,0,0,0,0,0,0,0,0,0,0,0,0,0,0,0,0,0,0,0,0,0,0,0,0,0,0,0,0,0,0,0,0,0,0,0,0,0,0,0,0,0,0,0,Eukaryota;Chordata;Aves;Charadriiformes;Laridae;Larus;
0,1624,0,949,0,0,48,0,0,0,0,522,0,0,0,0,0,0,0,0,0,0,0,0,0,0,97,0,0,0,0,0,0,0,0,0,0,0,0,0,0,0,0,300,0,0,0,0,0,0,0,0,0,0,0,0,0,0,0,0,0,0,0,0,0,0,0,243,0,0,0,1075,0,26,0,0,0,0,280,47,0,466,0,0,0,147,0,0,0,0,0,0,0,0,0,0,0,0,0,0,0,0,0,0,0,0,0,0,0,0,0,0,0,0,0,0,0,0,0,0,0,0,0,0,0,0,0,0,0,0,0,0,0,0,0,0,0,0,0,0,0,0,0,0,0,0,0,0,0,0,0,0,0,0,0,0,92,0,0,0,0,0,0,0,0,0,0,0,0,0,0,0,0,0,Eukaryota;Chordata;Chondrichthyes;;Squatinidae;Squatina;Squatina californica
0,0,0,0,0,0,0,0,0,0,0,69,0,0,0,0,0,0,0,0,0,0,0,0,0,0,0,0,0,0,0,0,0,204,161,0,0,0,0,0,0,0,0,0,0,0,0,0,0,0,0,0,0,0,0,0,0,0,0,0,0,0,0,0,0,0,0,0,0,0,0,0,0,0,0,0,0,0,0,0,0,0,0,0,0,0,0,33,0,0,0,0,0,0,0,0,0,0,0,0,0,0,0,0,0,0,0,111,0,0,0,0,0,0,0,0,0,0,0,81,0,0,0,0,0,0,0,0,0,473,0,0,0,0,0,0,0,0,0,0,0,0,0,0,0,0,0,0,0,0,0,0,0,0,0,0,0,0,0,0,0,0,0,0,0,0,0,0,0,0,0,0,0,0,Eukaryota;Chordata;Actinopteri;Scombriformes;Scombridae;;
0,0,0,0,0,76,0,0,69,0,0,0,0,0,0,0,0,0,0,0,0,0,0,0,0,0,0,0,0,0,0,142,0,0,0,0,0,0,0,0,0,0,0,0,0,0,0,0,0,0,0,0,0,0,0,0,0,0,547,0,0,0,0,0,0,0,0,0,0,0,0,0,0,0,0,0,230,0,0,0,0,0,0,5,0,0,0,0,0,0,66,0,0,502,0,0,49,222,0,0,0,0,0,0,0,0,0,0,0,0,0,0,0,0,0,0,0,0,0,0,79,0,0,0,0,0,0,0,0,0,0,0,0,0,0,0,0,0,0,0,0,2129,0,0,0,0,0,0,0,0,0,0,0,0,0,0,0,0,0,0,0,0,161,0,57,0,0,472,0,0,0,39,24,0,Eukaryota;Chordata;Actinopteri;Centrarchiformes;Kyphosidae;Kyphosus;Kyphosus azureus
0,0,0,0,0,0,0,0,69,0,0,0,0,0,0,0,0,0,0,0,0,0,0,0,0,181,0,0,0,0,0,0,0,0,0,0,0,0,0,0,0,0,0,0,0,0,0,0,0,0,0,0,0,0,0,0,0,0,0,0,0,0,0,0,0,0,0,0,0,0,0,0,0,0,0,0,0,0,0,0,0,0,0,0,0,0,0,0,0,0,0,0,0,0,4210,0,0,0,0,0,0,0,0,0,0,0,0,0,0,0,0,0,0,0,166,0,0,0,0,0,0,0,0,0,0,0,0,0,0,0,0,0,0,0,0,0,0,0,0,0,0,0,0,0,0,0,0,0,0,0,0,0,0,0,0,0,0,0,0,0,0,0,0,0,0,0,0,0,0,0,0,20,41,0,Eukaryota;Chordata;Actinopteri;;Pomacentridae;Hypsypops;Hypsypops rubicundus
0,0,0,0,0,0,0,0,0,120,0,0,0,0,0,0,0,0,3,0,0,0,0,0,37,0,0,0,0,12,0,0,0,0,0,0,101,0,0,0,0,0,0,0,0,0,0,0,0,0,0,0,0,0,0,0,0,43,0,0,0,0,0,0,0,0,0,0,0,0,0,0,0,11,0,0,0,90,0,11,0,17,0,9,0,0,0,710,186,0,0,0,0,0,0,0,0,0,0,0,0,0,0,45,0,0,0,0,0,561,0,0,0,0,0,0,0,0,0,0,0,0,0,0,0,0,0,8269,0,0,2,0,0,4,0,0,0,0,0,0,0,0,0,0,0,0,0,0,0,0,0,0,0,0,0,464,0,0,0,0,0,0,0,0,0,0,0,2645,2505,0,0,117,0,0,Eukaryota;Chordata;Actinopteri;Blenniiformes;Gobiesocidae;Gobiesox;Gobiesox rhessodon
0,0,0,0,0,0,0,0,0,0,0,294,0,0,0,0,0,0,0,0,0,0,0,0,0,0,0,0,0,0,0,0,0,0,0,0,0,0,0,0,0,0,0,0,0,0,0,0,0,0,0,0,0,0,0,0,0,0,0,0,0,0,0,0,0,0,0,0,0,0,0,0,0,0,0,0,0,0,0,0,0,0,0,0,0,0,0,0,43,0,0,0,0,0,0,0,0,0,0,0,0,0,0,0,0,0,0,0,0,0,0,0,0,0,0,0,0,0,0,0,0,0,0,0,0,0,0,0,0,0,0,0,0,0,0,0,0,0,0,0,0,0,0,0,0,0,0,0,0,0,0,0,0,0,0,0,0,0,0,0,0,0,0,0,0,0,0,0,0,0,0,0,0,0,Eukaryota;Chordata;Actinopteri;Perciformes;Cottidae;Scorpaenichthys;Scorpaenichthys marmoratus
171,1652,27,2024,4490,3782,9922,304,304,555,2560,225,2725,2585,965,1926,1071,609,1057,1538,704,1868,2554,4128,9401,11091,8716,11525,6997,7070,4482,4734,996,2451,2409,15497,0,3615,129,64,798,30,25,84,78,327,567,814,3961,599,0,0,2585,0,206,3028,9,183,51,686,909,32,1254,34,137,81,781,25,47,169,145,0,353,81,899,1069,7621,1058,4305,1277,7324,7609,6923,709,1434,9450,4753,243,8418,2306,499,2357,5294,8487,5094,1378,2109,3465,10960,12468,8214,4713,1925,4857,17180,3605,2716,4456,5809,801,2153,61600,75829,23604,29058,28060,28932,33941,33451,15228,24314,25469,33387,83,2549,2940,176,5396,3640,791,2725,885,1998,2779,7730,697,14545,570,487,907,3,0,6519,753,3778,0,8,0,131,107,7956,4101,1842,589,794,349,8560,3907,450,1665,998,303,8511,4734,6174,2320,2039,3111,3733,1714,3536,2890,2084,3131,Eukaryota;Chordata;Actinopteri;Atheriniformes;Atherinopsidae;Atherinops;Atherinops affinis
15784,7543,53797,10507,3912,20629,1975,14620,994,9157,0,25736,4,6699,11,0,8512,19,1232,16,7089,371,0,1665,221,2067,197,287,236,1318,892,2547,355,1338,172,1162,7767,1952,1425,1885,14388,3737,3496,172,1623,12819,1007,1718,878,43,0,430,1557,293,119,19317,6873,107,3745,369,0,1466,21708,477,996,836,1524,590,902,11011,1046,1594,6552,20215,706,292,6,13668,14,1067,8640,8051,6309,22603,11660,41261,3285,5574,8255,1644,12411,627,488,9964,1856,443,1079,573,1450,37,0,0,16,0,43,3599,276,1092,127,85,151,404,453,39,198,89,110,6,447,3757,769,1074,779,4389,1325,2461,190,486,1849,321,767,757,5554,1196,1018,647,601,1276,168,1218,0,6171,561,155,0,121,0,1488,0,130,981,340,1854,724,1962,1208,5473,19928,540,673,2061,1519,139,440,0,174,28,368,68,968,829,49,14,3628,Eukaryota;Chordata;Actinopteri;Labriformes;Labridae;Halichoeres;Halichoeres semicinctus
0,0,0,52,0,0,0,0,0,0,0,252,0,0,0,0,0,0,0,0,0,0,0,0,0,14,60,0,144,83,0,0,0,0,0,0,0,0,0,0,0,0,0,0,0,0,12,0,0,0,0,0,0,0,0,0,0,40,0,0,0,0,0,0,0,317,0,0,0,0,0,0,0,0,0,0,0,0,0,0,0,0,0,0,0,0,0,0,12,0,0,0,0,0,0,0,27,0,0,0,0,0,0,0,0,0,0,0,0,0,0,0,0,0,0,0,0,0,0,0,99,0,0,0,0,0,0,0,0,0,0,0,0,0,0,0,0,0,0,0,0,0,0,0,0,0,0,0,31,0,0,0,0,0,0,0,0,0,0,261,0,0,0,0,0,0,0,0,0,0,0,0,0,0,Eukaryota;Chordata;Actinopteri;Pleuronectiformes;Pleuronectidae;Pleuronichthys;Pleuronichthys verticalis
0,0,0,0,0,0,0,0,0,0,0,0,0,0,0,0,456,0,0,0,0,0,0,21,0,0,0,0,0,0,0,0,0,0,0,0,0,0,0,0,0,0,0,0,0,0,0,0,0,0,0,0,0,0,0,0,0,0,0,0,0,0,0,0,0,0,0,0,0,0,0,0,0,0,0,0,0,0,0,0,0,0,0,0,0,0,0,0,0,0,0,0,0,0,0,0,0,0,0,75,0,0,0,0,0,0,62,0,0,0,0,0,0,0,0,0,0,0,0,0,0,0,0,0,0,26,0,0,0,0,0,0,0,0,0,0,0,0,0,0,0,0,0,0,0,0,0,0,0,0,0,0,0,0,0,0,0,0,0,0,0,0,0,0,0,32,0,145,0,0,0,0,0,0,Eukaryota;Chordata;Actinopteri;Gobiiformes;Gobiidae;Acanthogobius;Acanthogobius flavimanus
0,0,0,0,0,0,0,0,0,0,0,0,0,0,0,0,0,70,0,0,0,0,0,17,0,0,0,0,6,0,0,0,0,0,0,0,0,0,0,0,0,0,128,0,6,0,18,0,11,0,0,0,179,0,0,0,0,0,0,0,0,0,0,0,0,3,0,0,0,0,0,0,0,0,0,3,0,1853,106,58,87,47,105,0,133,23,0,0,0,0,0,0,0,0,0,888,0,0,0,0,0,0,15,0,0,519,0,0,0,0,0,11,242,0,0,232,0,0,0,0,37,99,0,247,0,6,6,0,51,0,316,227,487,69,518,0,0,0,0,0,0,0,0,0,0,0,0,0,0,0,248,0,146,0,0,0,0,0,0,0,0,164,0,0,240,1580,461,26,2940,0,69,60,3380,1511,Eukaryota;Chordata;Actinopteri;Blenniiformes;Labrisomidae;Paraclinus;Paraclinus integripinnis
0,0,0,55,0,0,0,0,0,0,0,0,56,102,0,7,0,17,405,370,8,52,223,0,0,22,0,2,0,0,0,0,0,0,0,0,0,0,407,0,0,0,0,0,0,0,0,0,0,0,0,0,0,0,0,0,0,0,0,0,0,0,0,0,0,0,0,0,0,0,0,0,0,0,0,0,0,0,0,0,0,0,0,0,0,0,0,0,0,0,0,0,0,0,0,44,0,0,0,0,339,4,104,50,154,0,1889,0,544,1387,747,0,0,52,56,124,37,8,128,166,0,0,0,0,296,0,0,0,13,30,0,0,23,51,0,0,0,0,0,0,0,0,0,0,0,0,0,0,0,0,0,0,0,0,0,0,0,0,0,0,0,0,0,0,0,0,0,0,103,0,0,0,0,0,Eukaryota;Chordata;Actinopteri;Gobiiformes;Gobiidae;Clevelandia;Clevelandia ios
0,0,0,0,0,0,0,78,0,0,0,0,78,0,144,0,0,0,0,0,0,0,0,0,7,0,0,0,0,0,0,0,0,0,0,0,788,51,0,24,55,4,0,5,0,106,58,0,0,0,0,0,0,0,0,0,0,0,0,0,0,0,0,0,0,0,0,0,0,0,0,0,0,0,0,0,0,0,0,0,0,0,0,0,0,0,0,440,0,0,0,0,0,0,0,3,0,0,0,0,372,0,0,0,0,0,0,105,0,715,0,0,0,0,0,0,0,0,0,0,123,389,0,0,0,95,266,4000,8,0,0,0,46,0,373,0,0,0,99,0,0,0,0,0,0,0,0,0,0,0,0,325,0,0,0,0,0,90,0,0,0,0,0,0,0,0,0,0,0,0,0,0,0,0,Eukaryota;Chordata;Actinopteri;Clupeiformes;Dussumieriidae;Etrumeus;Etrumeus teres
115,0,11,7,0,955,54,58,23,142,0,168,383,2648,608,2344,123,18,53,2251,0,0,0,2814,52,2668,136,220,1114,839,233,1912,506,1093,30,3910,0,23,0,0,0,0,0,0,13,98,0,0,0,1011,0,321,0,0,0,0,827,0,1246,0,0,17,0,24,94,0,307,304,54,32,854,0,0,0,2493,1233,7763,979,1989,17082,4799,5858,4564,2173,6481,3593,318,0,0,11,0,0,0,0,0,3,0,0,0,0,0,0,0,0,0,0,3,0,0,0,0,16,0,0,3,0,0,0,3,0,0,0,0,0,0,0,0,0,0,0,0,0,0,0,0,0,0,0,0,0,0,0,0,0,0,0,0,0,0,0,22,0,9,0,0,0,0,7,0,0,0,0,0,0,0,8,0,21,0,4,19,18,0,4,Eukaryota;Chordata;Chondrichthyes;Myliobatiformes;Urolophidae;Urobatis;Urobatis halleri
0,0,0,0,0,0,0,0,0,0,0,0,0,0,0,0,0,0,0,0,0,0,0,0,0,0,82,96,0,141,13,0,0,0,0,0,0,0,0,0,0,0,0,0,0,0,0,0,0,0,0,0,0,0,0,0,0,0,0,0,0,0,0,0,0,0,0,0,0,0,0,0,0,0,0,0,0,15,0,0,617,0,0,0,0,0,0,0,0,0,0,0,0,0,0,0,0,0,0,0,0,0,0,0,0,0,0,0,0,0,0,0,0,0,0,0,0,0,0,0,0,0,0,0,0,0,0,0,0,0,0,0,0,0,0,0,0,0,0,0,0,0,0,0,0,0,0,0,0,0,0,0,0,0,0,0,0,0,0,0,0,0,0,0,0,0,0,0,0,0,0,0,0,0,Eukaryota;Chordata;Chondrichthyes;Myliobatiformes;Gymnuridae;Gymnura;Gymnura marmorata
0,0,0,0,0,0,0,0,0,0,0,0,0,0,0,0,0,0,0,0,0,0,0,0,0,0,0,0,0,0,0,0,0,14,0,0,0,0,0,0,0,0,0,0,0,0,0,0,0,0,0,0,0,0,0,0,0,0,0,0,0,0,0,0,0,0,0,0,0,0,0,0,0,0,0,122,0,0,0,0,0,0,0,0,0,0,0,144,0,0,45,0,0,0,2072,0,0,0,0,0,0,0,0,0,0,0,0,0,0,0,0,0,0,0,0,0,0,0,0,0,0,0,0,0,0,0,0,0,0,0,0,0,0,0,0,0,0,0,0,0,0,0,0,0,0,0,0,0,0,0,0,0,0,0,0,0,0,0,0,0,0,0,0,0,0,0,0,0,0,0,0,0,0,0,Eukaryota;Chordata;Actinopteri;Pleuronectiformes;Paralichthyidae;Citharichthys;Citharichthys xanthostigma
0,17,0,531,0,0,8,0,0,0,0,214,0,0,0,0,0,0,0,0,0,0,0,0,0,0,0,0,0,0,0,0,0,0,0,0,0,0,0,0,0,0,0,0,0,0,0,0,4,0,0,0,0,0,0,0,0,0,0,0,0,0,0,0,0,0,0,0,0,0,0,0,0,0,0,0,0,0,0,0,0,0,0,0,0,0,0,156,3040,218,240,12,900,0,868,0,129,570,0,0,0,0,0,0,0,0,0,0,0,0,107,37,0,12,982,267,0,0,1428,43,82,7391,0,0,0,0,0,0,0,0,0,0,0,0,0,51,0,0,0,0,0,0,0,0,0,0,0,0,0,0,0,0,0,0,0,20,0,101,50,71,0,209,0,0,5,0,0,0,0,0,0,0,0,0,Eukaryota;Chordata;Actinopteri;Perciformes;Scorpaenidae;Scorpaena;Scorpaena guttata
0,0,0,0,0,0,0,709,0,0,0,0,0,0,0,0,0,0,0,0,0,0,0,0,0,0,0,0,0,0,0,0,0,0,0,0,0,0,0,0,0,0,0,0,0,0,0,0,0,0,0,6,0,0,0,559,210,0,0,0,0,0,0,0,0,0,0,0,0,0,0,73,0,0,0,0,0,0,0,0,0,0,0,0,0,0,0,0,0,0,0,0,0,0,0,0,0,0,0,0,0,0,0,0,0,0,0,0,0,0,0,0,0,0,0,0,0,0,0,0,0,0,0,0,0,0,0,0,0,0,0,0,0,0,0,0,0,0,0,0,0,0,0,0,0,0,0,0,0,0,0,0,0,0,0,0,0,0,0,0,0,0,0,0,0,0,0,0,0,0,0,0,0,0,Eukaryota;Chordata;Chondrichthyes;Lamniformes;Alopiidae;Carcharodon;Carcharodon carcharias
